Rk,Player,Nation,Pos,Squad,Age,Born,90s,Tkl,TklW,Def 3rd,Mid 3rd,Att 3rd,Tkl,Att,Tkl%,Past,Press,Succ,%,Def 3rd,Mid 3rd,Att 3rd,Blocks,Sh,ShSv,Pass,Int,Tkl+Int,Clr,Err,Matches
1,Max Aarons\774cf58b,eng ENG,DF,Norwich City,21,2000,32.0,69,37,50,19,0,37,58,63.8,21,434,113,26.0,255,140,39,86,22,1,64,56,125,70,0,Matches
2,Che Adams\f2bf1b0f,sct SCO,FW,Southampton,25,1996,22.7,16,9,4,6,6,2,15,13.3,13,332,87,26.2,38,132,162,25,4,0,21,10,26,15,0,Matches
3,Rayan Aït Nouri\9b398aea,fr FRA,DF,Wolves,20,2001,20.3,76,43,54,14,8,28,45,62.2,17,402,135,33.6,231,116,55,34,3,0,31,38,114,32,1,Matches
4,Kristoffer Ajer\a8c0acb7,no NOR,DF,Brentford,23,1998,22.2,40,22,25,12,3,20,36,55.6,16,206,73,35.4,107,70,29,36,13,1,23,49,89,81,1,Matches
5,Nathan Aké\eaeca114,nl NED,DF,Manchester City,26,1995,10.3,15,5,6,8,1,4,7,57.1,3,70,23,32.9,26,37,7,12,5,0,7,18,33,31,0,Matches
6,Marc Albrighton\b827d5b3,eng ENG,FWDF,Leicester City,31,1989,12.6,33,16,17,9,7,10,41,24.4,31,289,63,21.8,98,141,50,27,5,1,22,25,58,10,0,Matches
7,Thiago Alcántara\77e84962,es ESP,MF,Liverpool,30,1991,17.0,58,40,17,31,10,12,40,30.0,28,319,117,36.7,86,163,70,26,2,0,24,35,93,18,2,Matches
8,Trent Alexander-Arnold\cd1acf9d,eng ENG,DF,Liverpool,22,1998,31.7,44,24,22,15,7,23,59,39.0,36,288,97,33.7,114,88,86,39,5,1,34,76,120,43,1,Matches
9,Alisson\7a2e46a8,br BRA,GK,Liverpool,28,1992,36.0,0,0,0,0,0,0,2,0.0,2,6,3,50.0,6,0,0,1,0,0,1,0,0,1,2,Matches
10,Allan\cc700722,br BRA,MF,Everton,30,1991,24.3,77,61,31,41,5,26,88,29.5,62,648,204,31.5,260,327,61,46,9,0,37,42,119,40,0,Matches
11,Dele Alli\cea4ee8f,eng ENG,MFFW,Tottenham,25,1996,7.3,19,7,11,6,2,5,17,29.4,12,209,55,26.3,81,92,36,25,5,0,20,17,36,12,0,Matches
12,Dele Alli\cea4ee8f,eng ENG,MF,Everton,25,1996,3.8,15,10,6,6,3,5,12,41.7,7,127,34,26.8,35,62,30,9,2,0,7,10,25,7,0,Matches
13,Miguel Almirón\862a1c15,py PAR,MFFW,Newcastle Utd,27,1994,19.1,57,33,27,22,8,13,47,27.7,34,432,109,25.2,127,166,139,22,1,1,21,25,82,12,0,Matches
14,Marcos Alonso\f4290206,es ESP,DF,Chelsea,30,1990,24.1,45,28,21,13,11,14,32,43.8,18,300,85,28.3,121,101,78,39,6,0,33,66,111,55,0,Matches
15,Steven Alzate\ad1f61f3,co COL,MF,Brighton,22,1998,4.5,9,8,3,5,1,3,5,60.0,2,79,20,25.3,30,37,12,5,1,0,4,14,23,10,0,Matches
16,Daniel Amartey\1a4ef233,gh GHA,DF,Leicester City,26,1994,23.6,25,12,15,9,1,16,32,50.0,16,172,54,31.4,97,67,8,48,24,1,24,30,55,110,2,Matches
17,Joachim Andersen\e34fc66d,dk DEN,DF,Crystal Palace,25,1996,32.4,36,23,26,10,0,14,28,50.0,14,157,58,36.9,95,55,7,41,21,0,20,60,96,156,2,Matches
18,Michail Antonio\ac05f970,jm JAM,FW,West Ham,31,1990,33.0,28,23,7,9,12,6,20,30.0,14,460,133,28.9,34,166,260,26,1,0,25,14,42,17,0,Matches
19,Cameron Archer\05e8ca6d,eng ENG,MFFW,Aston Villa,19,2001,0.3,0,0,0,0,0,0,0,,0,4,0,0.0,0,2,2,0,0,0,0,1,1,1,0,Matches
20,Alphonse Areola\2f965a72,fr FRA,GK,West Ham,28,1993,1.0,0,0,0,0,0,0,0,,0,0,0,,0,0,0,0,0,0,0,0,0,0,0,Matches
21,Adam Armstrong\68c720b5,eng ENG,FW,Southampton,24,1997,15.7,10,7,3,3,4,0,6,0.0,6,239,64,26.8,21,89,129,10,1,0,9,9,19,6,0,Matches
22,Stuart Armstrong\97333cf5,sct SCO,MF,Southampton,29,1992,16.4,26,15,14,5,7,7,29,24.1,22,266,85,32.0,76,120,70,17,1,0,16,14,40,15,0,Matches
23,Kepa Arrizabalaga\28d596a0,es ESP,GK,Chelsea,26,1994,4.0,0,0,0,0,0,0,0,,0,0,0,,0,0,0,0,0,0,0,0,0,0,0,Matches
24,Harrison Ashby\b391383a,sct SCO,DF,West Ham,19,2001,0.1,0,0,0,0,0,0,0,,0,0,0,,0,0,0,1,0,0,1,1,1,0,0,Matches
25,Pierre-Emerick Aubameyang\d5dd5f1f,ga GAB,FW,Arsenal,32,1989,11.5,12,7,5,5,2,2,6,33.3,4,201,53,26.4,23,78,100,19,3,0,16,1,13,3,0,Matches
26,Jordan Ayew\da052c14,gh GHA,FW,Crystal Palace,29,1991,22.4,52,34,19,22,11,11,22,50.0,11,515,146,28.3,121,227,167,37,4,0,33,28,80,9,0,Matches
27,Luke Ayling\420d7c7d,eng ENG,DF,Leeds United,29,1991,25.2,79,45,50,24,5,49,101,48.5,52,392,137,34.9,215,137,40,49,28,0,21,54,133,68,1,Matches
28,César Azpilicueta\53cad200,es ESP,DF,Chelsea,31,1989,23.0,54,31,22,27,5,21,43,48.8,22,356,104,29.2,143,158,55,62,11,0,51,37,91,71,1,Matches
29,Daniel Bachmann\1c0eea98,at AUT,GK,Watford,27,1994,12.0,0,0,0,0,0,0,0,,0,0,0,,0,0,0,0,0,0,0,0,0,0,0,Matches
30,Leon Bailey\3a233281,jm JAM,FWMF,Aston Villa,23,1997,8.5,19,12,7,9,3,4,13,30.8,9,145,48,33.1,24,59,62,13,2,0,11,3,22,3,0,Matches
31,Eric Bailly\a1232f4e,ci CIV,DF,Manchester Utd,27,1994,2.4,8,3,6,2,0,1,2,50.0,1,21,9,42.9,14,6,1,5,2,0,3,8,16,10,0,Matches
32,Folarin Balogun\31822f8c,eng ENG,FW,Arsenal,20,2001,0.8,0,0,0,0,0,0,0,,0,21,5,23.8,2,2,17,1,0,0,1,0,0,1,0,Matches
33,Patrick Bamford\93feac6e,eng ENG,FW,Leeds United,27,1993,6.2,3,2,1,2,0,1,4,25.0,3,111,38,34.2,4,47,60,6,3,0,3,3,6,8,0,Matches
34,Shandon Baptiste\2886c9b5,gd GRN,MF,Brentford,23,1998,10.1,7,4,6,0,1,3,13,23.1,10,204,68,33.3,62,94,48,15,0,0,15,21,28,11,0,Matches
35,Ross Barkley\3a24769f,eng ENG,MF,Chelsea,27,1993,2.0,1,1,0,1,0,0,1,0.0,1,18,3,16.7,1,10,7,1,0,0,1,2,3,0,0,Matches
36,Ashley Barnes\2691c772,eng ENG,FW,Burnley,31,1989,9.0,13,10,4,6,3,2,6,33.3,4,157,35,22.3,16,84,57,6,1,1,5,6,19,4,0,Matches
37,Harvey Barnes\3ea50f67,eng ENG,FWMF,Leicester City,23,1997,23.3,31,13,9,12,10,5,25,20.0,20,295,89,30.2,73,118,104,26,1,0,25,10,41,6,0,Matches
38,Lewis Bate\cd4256d3,eng ENG,MF,Leeds United,18,2002,1.6,1,0,0,0,1,0,6,0.0,6,73,10,13.7,21,48,4,2,0,0,2,5,6,2,0,Matches
39,Mads Bech Sørensen\30db8574,dk DEN,DF,Brentford,22,1999,9.3,12,7,10,2,0,5,6,83.3,1,73,29,39.7,45,22,6,10,6,0,4,9,21,28,0,Matches
40,Jan Bednarek\4115ce4e,pl POL,DF,Southampton,25,1996,29.2,37,21,23,13,1,18,37,48.6,19,238,76,31.9,130,102,6,64,30,1,34,95,132,169,0,Matches
41,Donny van de Beek\50dc94ce,nl NED,MF,Manchester Utd,24,1997,0.8,5,3,3,2,0,1,1,100.0,0,16,6,37.5,5,6,5,2,1,0,1,2,7,2,0,Matches
42,Donny van de Beek\50dc94ce,nl NED,MF,Everton,24,1997,5.4,15,9,8,6,1,6,15,40.0,9,100,26,26.0,27,52,21,7,3,0,4,9,24,5,0,Matches
43,Asmir Begović\7b4de647,ba BIH,GK,Everton,34,1987,3.0,0,0,0,0,0,0,0,,0,0,0,,0,0,0,0,0,0,0,0,0,2,0,Matches
44,Saïd Benrahma\5a04fd92,dz ALG,FWMF,West Ham,25,1995,24.1,35,23,16,13,6,16,38,42.1,22,377,94,24.9,108,187,82,22,1,0,21,12,47,7,0,Matches
45,Rodrigo Bentancur\3b8674e6,uy URU,MF,Tottenham,24,1997,15.1,37,15,15,14,8,12,33,36.4,21,327,79,24.2,113,175,39,32,10,0,22,18,55,28,0,Matches
46,Christian Benteke\ab070c55,be BEL,FW,Crystal Palace,30,1990,12.7,8,2,2,4,2,2,6,33.3,4,120,32,26.7,9,50,61,8,4,0,4,1,9,30,1,Matches
47,Jóhann Berg Guðmundsson\f72293fc,is ISL,MF,Burnley,30,1990,12.2,19,9,10,7,2,9,20,45.0,11,170,44,25.9,49,69,52,18,2,0,16,17,36,21,0,Matches
48,Steven Bergwijn\a29b1131,nl NED,FWMF,Tottenham,23,1997,6.3,5,4,2,1,2,1,7,14.3,6,84,16,19.0,15,34,35,4,0,0,4,4,9,9,0,Matches
49,Ryan Bertrand\01226327,eng ENG,DF,Leicester City,31,1989,3.7,9,4,1,7,1,4,5,80.0,1,75,25,33.3,40,24,11,11,3,0,8,3,12,7,0,Matches
50,Mads Bidstrup\407db0d5,dk DEN,MF,Brentford,20,2001,0.5,4,2,2,2,0,0,2,0.0,2,19,8,42.1,12,7,0,1,0,0,1,1,5,2,0,Matches
51,Yves Bissouma\6c203af0,ml MLI,MF,Brighton,24,1996,23.5,73,50,36,34,3,18,33,54.5,15,415,149,35.9,166,201,48,43,5,0,38,55,128,51,0,Matches
52,Willy Boly\a4ac4b8f,ci CIV,DF,Wolves,30,1991,10.0,27,22,19,7,1,8,15,53.3,7,110,43,39.1,64,43,3,21,7,1,14,19,46,39,0,Matches
53,Jarrod Bowen\79c84d1c,eng ENG,FW,West Ham,24,1996,33.1,39,26,19,13,7,15,44,34.1,29,559,119,21.3,162,240,157,47,2,0,45,38,77,8,0,Matches
54,Jarrad Branthwaite\c1949191,eng ENG,DF,Everton,19,2002,4.3,3,2,3,0,0,1,7,14.3,6,41,16,39.0,29,12,0,7,2,0,5,8,11,16,0,Matches
55,Armando Broja\97220da2,al ALB,FW,Southampton,19,2001,21.9,17,12,5,7,5,2,14,14.3,12,376,112,29.8,37,133,206,22,2,0,20,13,30,8,0,Matches
56,Josh Brownhill\47369df8,eng ENG,MF,Burnley,25,1995,32.8,73,41,25,42,6,15,46,32.6,31,540,168,31.1,168,271,101,51,16,0,35,79,152,49,0,Matches
57,Lewis Brunt\a2081c6b,eng ENG,MF,Leicester City,20,2000,0.3,0,0,0,0,0,0,0,,0,5,0,0.0,0,3,2,1,0,0,1,0,0,0,0,Matches
58,Bryan\7b5ab7f2,es ESP,FWMF,Tottenham,20,2001,1.0,4,3,2,0,2,3,6,50.0,3,38,12,31.6,10,6,22,2,0,0,2,0,4,0,0,Matches
59,Emi Buendía\66b76d44,ar ARG,FWMF,Aston Villa,24,1996,21.1,52,31,25,19,8,15,44,34.1,29,441,108,24.5,112,205,124,24,5,0,19,18,70,6,0,Matches
60,Dan Burn\b2d31e83,eng ENG,DF,Newcastle Utd,29,1992,16.0,25,12,18,6,1,8,12,66.7,4,144,56,38.9,89,50,5,33,16,0,17,29,54,114,0,Matches
61,Dan Burn\b2d31e83,eng ENG,DF,Brighton,29,1992,11.4,24,15,12,8,4,6,18,33.3,12,141,46,32.6,61,64,16,28,11,0,17,32,56,52,2,Matches
62,Jack Butland\cc70a1d5,eng ENG,GK,Crystal Palace,28,1993,8.5,0,0,0,0,0,0,0,,0,0,0,,0,0,0,0,0,0,0,0,0,0,0,Matches
63,Sam Byram\1bf811d4,eng ENG,DF,Norwich City,27,1993,11.4,28,15,21,6,1,14,26,53.8,12,139,34,24.5,78,46,15,31,11,0,20,38,66,51,0,Matches
64,Willy Caballero\a179d516,ar ARG,GK,Southampton,39,1981,2.0,0,0,0,0,0,0,0,,0,0,0,,0,0,0,0,0,0,0,0,0,1,0,Matches
65,Moisés Caicedo\16264a81,ec ECU,MF,Brighton,19,2001,7.3,20,12,11,6,3,6,14,42.9,8,141,44,31.2,36,75,30,13,4,0,9,12,32,11,0,Matches
66,Dominic Calvert-Lewin\59e6e5bf,eng ENG,FW,Everton,24,1997,14.3,14,11,2,5,7,2,6,33.3,4,198,49,24.7,11,93,94,11,3,0,8,6,20,12,0,Matches
67,Chem Campbell\6f711f67,wls WAL,MF,Wolves,18,2002,0.1,1,1,0,1,0,0,0,,0,1,1,100.0,0,1,0,0,0,0,0,0,1,0,0,Matches
68,João Cancelo\bd6351cd,pt POR,DF,Manchester City,27,1994,35.9,89,54,31,36,22,35,83,42.2,48,347,119,34.3,106,138,103,45,4,1,41,75,164,56,0,Matches
69,Sergi Canós\1137759d,es ESP,DF,Brentford,24,1997,23.1,57,22,28,19,10,23,60,38.3,37,460,113,24.6,197,175,88,40,3,0,37,33,90,38,0,Matches
70,Todd Cantwell\f63d8a4b,eng ENG,FWMF,Norwich City,23,1998,4.9,15,11,8,6,1,4,14,28.6,10,106,25,23.6,39,46,21,2,0,0,2,4,19,3,0,Matches
71,Matty Cash\2389cdc2,pl POL,DF,Aston Villa,23,1997,37.5,90,44,53,33,4,41,74,55.4,33,511,142,27.8,268,193,50,91,19,0,72,90,180,95,0,Matches
72,Timothy Castagne\197640fd,be BEL,DF,Leicester City,25,1995,23.6,66,29,33,26,7,23,44,52.3,21,349,108,30.9,150,152,47,53,8,0,45,38,104,65,2,Matches
73,Jonny Castro\e28868f3,es ESP,DF,Wolves,27,1994,11.4,27,21,15,11,1,10,20,50.0,10,175,58,33.1,86,63,26,19,3,0,16,13,40,7,0,Matches
74,Craig Cathcart\89e4b358,nir NIR,DF,Watford,32,1989,26.6,33,15,26,7,0,16,34,47.1,18,165,51,30.9,117,45,3,55,32,0,23,38,71,129,2,Matches
75,Edinson Cavani\527f063d,uy URU,FW,Manchester Utd,34,1987,8.5,4,2,0,3,1,3,6,50.0,3,105,39,37.1,14,36,55,9,0,0,9,9,13,7,0,Matches
76,Kayky Chagas\17734ea0,br BRA,FW,Manchester City,18,2003,0.1,0,0,0,0,0,0,0,,0,3,0,0.0,1,1,1,0,0,0,0,0,0,0,0,Matches
77,Trevoh Chalobah\5515376c,eng ENG,DF,Chelsea,22,1999,16.1,38,21,16,18,4,20,30,66.7,10,165,60,36.4,64,86,15,20,9,1,11,33,71,65,1,Matches
78,Calum Chambers\dc6f5bdd,eng ENG,DF,Arsenal,26,1995,1.9,2,1,2,0,0,1,3,33.3,2,24,5,20.8,18,5,1,11,3,0,8,3,5,7,1,Matches
79,Calum Chambers\dc6f5bdd,eng ENG,DF,Aston Villa,26,1995,9.2,20,11,11,7,2,5,7,71.4,2,94,31,33.0,50,40,4,21,10,0,11,11,31,59,0,Matches
80,Daniel Chesters\240c8ab6,eng ENG,MF,West Ham,19,2002,0.0,0,0,0,0,0,0,0,,0,0,0,,0,0,0,0,0,0,0,0,0,0,0,Matches
81,Ben Chilwell\d2424d1b,eng ENG,DF,Chelsea,24,1996,6.0,10,5,3,6,1,0,5,0.0,5,92,31,33.7,34,36,22,10,0,0,10,6,16,15,1,Matches
82,Chiquinho\dc6c2f02,pt POR,DFMF,Wolves,21,2000,2.3,9,6,3,6,0,3,4,75.0,1,58,14,24.1,14,29,15,3,0,0,3,6,15,3,0,Matches
83,Hamza Choudhury\7d2d3329,eng ENG,DFMF,Leicester City,23,1997,3.2,8,2,3,5,0,2,5,40.0,3,42,6,14.3,15,24,3,5,0,0,5,16,24,12,0,Matches
84,Andreas Christensen\1cb49278,dk DEN,DF,Chelsea,25,1996,16.6,18,12,11,4,3,10,15,66.7,5,148,51,34.5,84,52,12,30,9,0,21,52,70,87,1,Matches
85,Carney Chukwuemeka\b2f9c73e,eng ENG,MFFW,Aston Villa,17,2004,3.3,3,2,1,2,0,2,6,33.3,4,86,25,29.1,23,48,15,3,0,0,3,4,7,1,0,Matches
86,Ciaran Clark\2b91cf8e,ie IRL,DF,Newcastle Utd,31,1989,11.3,17,13,9,6,2,9,15,60.0,6,76,27,35.5,53,19,4,14,10,0,4,15,32,50,0,Matches
87,Tom Cleverley\6cdd8245,eng ENG,MF,Watford,31,1989,18.0,34,27,18,12,4,10,32,31.3,22,372,106,28.5,116,190,66,28,7,1,21,27,61,19,1,Matches
88,Nathaniel Clyne\0442183b,eng ENG,DF,Crystal Palace,30,1991,15.0,22,11,9,12,1,7,15,46.7,8,126,43,34.1,64,43,19,10,2,0,8,33,55,31,0,Matches
89,Conor Coady\2928dca2,eng ENG,DF,Wolves,28,1993,37.3,31,18,20,10,1,12,26,46.2,14,197,68,34.5,124,68,5,64,50,3,14,44,75,150,0,Matches
90,Séamus Coleman\0420d84f,ie IRL,DF,Everton,32,1988,29.5,72,42,41,20,11,29,47,61.7,18,336,124,36.9,159,130,47,59,13,0,46,54,126,75,1,Matches
91,Nathan Collins\a8c19eb8,ie IRL,DF,Burnley,20,2001,18.6,30,23,24,4,2,9,23,39.1,14,161,54,33.5,103,46,12,48,26,1,22,37,67,102,1,Matches
92,Aaron Connolly\27c01749,ie IRL,FW,Brighton,21,2000,1.7,0,0,0,0,0,0,1,0.0,1,27,5,18.5,4,11,12,2,0,0,2,0,0,0,0,Matches
93,Liam Cooper\dc64b8b3,sct SCO,DF,Leeds United,29,1991,20.2,35,18,21,13,1,15,27,55.6,12,201,74,36.8,123,75,3,32,18,0,14,40,75,117,3,Matches
94,Jack Cork\74e12f1e,eng ENG,MF,Burnley,32,1989,18.6,17,8,4,10,3,5,24,20.8,19,343,94,27.4,107,176,60,26,5,0,21,34,51,27,0,Matches
95,Maxwel Cornet\beb391dd,ci CIV,FWMF,Burnley,24,1996,19.6,20,11,7,7,6,4,11,36.4,7,303,84,27.7,68,127,108,14,4,0,10,11,31,16,0,Matches
96,Hélder Costa\f13d02a6,ao ANG,MF,Leeds United,27,1994,0.2,0,0,0,0,0,0,2,0.0,2,9,2,22.2,1,5,3,0,0,0,0,0,0,0,0,Matches
97,Vladimír Coufal\fdf3cb77,cz CZE,DF,West Ham,28,1992,24.5,44,22,25,11,8,16,37,43.2,21,301,79,26.2,141,98,62,50,9,0,41,34,78,74,0,Matches
98,Philippe Coutinho\0ef89a37,br BRA,MFFW,Aston Villa,29,1992,14.8,20,11,5,8,7,7,14,50.0,7,221,48,21.7,51,110,60,17,1,0,16,8,28,3,0,Matches
99,Aaron Cresswell\4f974391,eng ENG,DF,West Ham,31,1989,30.3,30,19,20,8,2,14,27,51.9,13,213,67,31.5,111,73,29,48,17,0,31,43,73,76,1,Matches
100,Charlie Cresswell\4654e5f5,eng ENG,DF,Leeds United,18,2002,1.6,7,3,4,3,0,3,3,100.0,0,29,5,17.2,14,15,0,2,1,0,1,4,11,10,0,Matches
101,Cucho\71b47ab9,co COL,FWMF,Watford,22,1999,12.7,16,5,8,6,2,4,32,12.5,28,260,57,21.9,70,109,81,12,1,0,11,11,27,10,0,Matches
102,Marc Cucurella\1daec722,es ESP,DF,Brighton,23,1998,34.3,88,62,36,38,14,48,77,62.3,29,534,201,37.6,215,218,101,72,15,2,57,72,160,66,0,Matches
103,Luke Cundle\cc3b8e78,eng ENG,MF,Wolves,19,2002,2.0,4,3,0,4,0,1,1,100.0,0,43,9,20.9,15,22,6,1,0,0,1,2,6,2,0,Matches
104,Patson Daka\ca45605e,zm ZAM,FW,Leicester City,22,1998,12.9,17,11,4,9,4,1,13,7.7,12,233,77,33.0,19,100,114,11,0,0,11,3,20,8,0,Matches
105,Stuart Dallas\67ca8566,nir NIR,DFMF,Leeds United,30,1991,32.4,90,46,59,25,6,48,115,41.7,67,531,177,33.3,262,212,57,64,16,1,48,78,168,66,0,Matches
106,Diogo Dalot\d9565625,pt POR,DF,Manchester Utd,22,1999,20.0,58,33,34,15,9,27,44,61.4,17,232,72,31.0,110,84,38,37,12,3,25,44,102,61,0,Matches
107,Karl Darlow\cde3309f,eng ENG,GK,Newcastle Utd,30,1990,8.0,0,0,0,0,0,0,0,,0,0,0,,0,0,0,0,0,0,0,0,0,1,0,Matches
108,Josh Dasilva\60344e4f,eng ENG,MFFW,Brentford,22,1998,2.9,4,2,1,1,2,2,6,33.3,4,55,12,21.8,14,28,13,8,1,0,7,4,8,7,0,Matches
109,Ben Davies\44781702,wls WAL,DF,Tottenham,28,1993,28.2,40,18,18,15,7,12,34,35.3,22,269,86,32.0,133,92,44,39,18,2,21,45,85,93,0,Matches
110,Tom Davies\9228b07c,eng ENG,MF,Everton,23,1998,2.6,4,2,1,2,1,1,5,20.0,4,49,13,26.5,19,21,9,4,1,0,3,8,12,7,0,Matches
111,Keinan Davis\9deaf2c8,eng ENG,FW,Aston Villa,23,1998,0.1,0,0,0,0,0,0,0,,0,1,0,0.0,0,0,1,0,0,0,0,0,0,0,0,Matches
112,Craig Dawson\3e9e06cb,eng ENG,DF,West Ham,31,1990,30.6,33,21,20,13,0,12,27,44.4,15,199,67,33.7,126,64,9,66,55,0,11,30,63,145,1,Matches
113,Kevin De Bruyne\e46012d4,be BEL,MF,Manchester City,30,1991,24.5,22,14,3,10,9,10,41,24.4,31,361,98,27.1,46,149,166,34,2,0,32,14,36,18,0,Matches
114,Troy Deeney\82e34b69,eng ENG,FW,Watford,33,1988,0.3,0,0,0,0,0,0,1,0.0,1,7,2,28.6,1,2,4,0,0,0,0,0,0,3,0,Matches
115,Liam Delap\dd897ee7,eng ENG,FW,Manchester City,18,2003,0.1,0,0,0,0,0,0,1,0.0,1,2,0,0.0,0,1,1,0,0,0,0,0,0,0,0,Matches
116,Fabian Delph\111c3236,eng ENG,MF,Everton,31,1989,7.4,19,13,8,9,2,6,22,27.3,16,127,39,30.7,35,77,15,13,5,0,8,19,38,9,0,Matches
117,Leander Dendoncker\5a7301ae,be BEL,MF,Wolves,26,1995,21.7,45,24,24,20,1,18,37,48.6,19,442,120,27.1,185,201,56,47,11,0,36,24,69,33,0,Matches
118,Emmanuel Dennis\2c44a35d,ng NGA,FWMF,Watford,23,1997,28.7,46,28,24,14,8,13,42,31.0,29,563,146,25.9,124,249,190,35,2,0,33,25,71,14,0,Matches
119,Kiernan Dewsbury Hall\5c74c0f5,eng ENG,MF,Leicester City,22,1998,23.4,40,25,24,12,4,13,35,37.1,22,468,113,24.1,155,183,130,46,8,0,38,27,67,28,1,Matches
120,Ibrahima Diallo\11ff3d56,fr FRA,MF,Southampton,22,1999,11.4,27,20,12,11,4,8,24,33.3,16,229,68,29.7,76,114,39,10,0,0,10,17,44,9,0,Matches
121,Raphael Dias Belloli\3423f250,br BRA,FWMF,Leeds United,24,1996,32.4,54,25,24,19,11,18,69,26.1,51,574,136,23.7,142,239,193,59,2,0,57,43,97,23,0,Matches
122,Rúben Dias\31c69ef1,pt POR,DF,Manchester City,24,1997,26.7,34,27,12,18,4,7,16,43.8,9,153,68,44.4,57,78,18,28,13,0,15,38,72,78,1,Matches
123,Luis Díaz\4a1a9578,co COL,FW,Liverpool,24,1997,10.6,12,10,4,4,4,3,10,30.0,7,163,59,36.2,26,64,73,9,1,0,8,4,16,2,0,Matches
124,Eric Dier\ac861941,eng ENG,DF,Tottenham,27,1994,34.1,25,13,11,11,3,4,13,30.8,9,181,70,38.7,93,79,9,56,38,1,18,47,72,168,0,Matches
125,Lucas Digne\1b84dbe1,fr FRA,DF,Aston Villa,28,1993,14.1,19,10,12,4,3,7,18,38.9,11,157,34,21.7,74,52,31,29,8,0,21,32,51,42,0,Matches
126,Lucas Digne\1b84dbe1,fr FRA,DF,Everton,28,1993,13.0,35,17,26,5,4,22,30,73.3,8,161,43,26.7,80,50,31,28,5,0,23,31,66,30,0,Matches
127,Virgil van Dijk\e06683ca,nl NED,DF,Liverpool,30,1991,34.0,21,12,13,7,1,11,15,73.3,4,124,44,35.5,72,45,7,31,16,1,15,47,68,135,1,Matches
128,Issa Diop\a712ca2b,fr FRA,DF,West Ham,24,1997,10.7,9,3,4,5,0,2,10,20.0,8,72,28,38.9,41,30,1,23,15,0,8,17,26,44,0,Matches
129,Moussa Djenepo\254147d4,ml MLI,MF,Southampton,23,1998,5.1,13,8,6,6,1,5,12,41.7,7,104,25,24.0,46,39,19,9,1,0,8,9,22,3,0,Matches
130,Lewis Dobbin\e814e1cf,eng ENG,FWMF,Everton,18,2003,0.4,2,2,0,1,1,0,2,0.0,2,19,5,26.3,4,7,8,0,0,0,0,1,3,0,0,Matches
131,Matt Doherty\d557d734,ie IRL,DF,Tottenham,29,1992,9.7,18,12,9,8,1,7,12,58.3,5,120,42,35.0,50,54,16,24,2,0,22,17,35,15,0,Matches
132,Gabriel Dos Santos\67ac5bb8,br BRA,DF,Arsenal,23,1997,34.0,57,37,39,14,4,23,35,65.7,12,222,86,38.7,131,77,14,49,28,0,21,39,96,117,3,Matches
133,Abdoulaye Doucouré\02b29014,ml MLI,MF,Everton,28,1993,28.2,76,45,37,36,3,26,70,37.1,44,656,179,27.3,248,308,100,42,8,0,34,41,117,33,0,Matches
134,Kieran Dowell\2f6ec02a,eng ENG,FWMF,Norwich City,23,1997,10.1,17,7,6,8,3,8,32,25.0,24,270,49,18.1,67,121,82,10,1,0,9,9,26,2,0,Matches
135,Cody Drameh\e0d1510a,eng ENG,DF,Leeds United,19,2001,1.4,6,3,4,2,0,2,4,50.0,2,29,8,27.6,16,10,3,2,0,0,2,3,9,2,0,Matches
136,Martin Dúbravka\3a949a25,sk SVK,GK,Newcastle Utd,32,1989,26.0,0,0,0,0,0,0,2,0.0,2,5,1,20.0,5,0,0,0,0,0,0,0,0,0,0,Matches
137,Shane Duffy\7314bba4,ie IRL,DF,Brighton,29,1992,16.0,16,9,12,1,3,5,13,38.5,8,85,19,22.4,50,31,4,35,19,1,16,18,34,91,1,Matches
138,Paul Dummett\3fe6bd8c,wls WAL,DF,Newcastle Utd,29,1991,2.2,9,4,6,2,1,5,8,62.5,3,31,12,38.7,15,13,3,3,0,0,3,4,13,9,1,Matches
139,Lewis Dunk\282f75f3,eng ENG,DF,Brighton,29,1991,28.6,20,11,9,10,1,6,13,46.2,7,125,48,38.4,74,41,10,42,27,0,15,46,66,119,3,Matches
140,Ederson\3bb7b8b4,br BRA,GK,Manchester City,27,1993,37.0,0,0,0,0,0,0,2,0.0,2,5,0,0.0,5,0,0,0,0,0,0,0,0,0,1,Matches
141,Odsonne Édouard\0562b7f1,fr FRA,FW,Crystal Palace,23,1998,17.4,17,13,2,7,8,2,19,10.5,17,340,98,28.8,45,142,153,24,5,0,19,11,28,16,0,Matches
142,CJ Egan-Riley\d313e8ff,eng ENG,DF,Manchester City,18,2003,0.0,1,1,1,0,0,1,1,100.0,0,0,0,,0,0,0,0,0,0,0,0,1,0,0,Matches
143,Anthony Elanga\2fba6108,se SWE,FW,Manchester Utd,19,2002,13.5,25,17,12,10,3,8,26,30.8,18,289,80,27.7,93,124,72,24,2,0,22,19,44,6,0,Matches
144,Harvey Elliott\c8387671,eng ENG,MF,Liverpool,18,2003,3.8,3,1,1,0,2,1,7,14.3,6,94,21,22.3,21,50,23,9,1,0,8,3,6,4,0,Matches
145,Mohamed Elneny\47a34c4f,eg EGY,MF,Arsenal,29,1992,9.0,17,9,10,6,1,3,7,42.9,4,108,38,35.2,49,50,9,9,1,0,8,18,35,12,0,Matches
146,Mohamed Elyounoussi\68dc0dac,no NOR,MFFW,Southampton,26,1994,22.7,46,33,14,24,8,10,31,32.3,21,499,156,31.3,144,235,120,37,4,0,33,19,65,24,0,Matches
147,Emerson\df8b52a5,br BRA,DF,Tottenham,22,1999,25.4,86,39,56,24,6,28,60,46.7,32,500,126,25.2,245,177,78,56,4,0,52,35,121,79,0,Matches
148,Christian Eriksen\980522ec,dk DEN,MF,Brentford,29,1992,10.4,18,10,7,8,3,9,13,69.2,4,150,32,21.3,38,86,26,13,1,0,12,10,28,11,0,Matches
149,Oghenekaro Etebo\b579e83d,ng NGA,MF,Watford,25,1995,4.5,12,10,5,7,0,4,7,57.1,3,65,22,33.8,29,32,4,5,1,0,4,8,20,6,0,Matches
150,Jonny Evans\f8fcd2a5,nir NIR,DF,Leicester City,33,1988,15.0,27,18,18,7,2,16,28,57.1,12,123,49,39.8,77,41,5,22,13,0,9,31,58,61,0,Matches
151,Eberechi Eze\ae4fc6a4,eng ENG,MFFW,Crystal Palace,23,1998,6.7,10,5,4,3,3,6,12,50.0,6,86,24,27.9,18,48,20,7,1,0,6,8,18,1,0,Matches
152,Łukasz Fabiański\9328b835,pl POL,GK,West Ham,36,1985,37.0,0,0,0,0,0,0,0,,0,1,1,100.0,1,0,0,0,0,0,0,0,0,0,0,Matches
153,Fabinho\7f3b388c,br BRA,MF,Liverpool,27,1993,25.7,57,37,17,33,7,19,62,30.6,43,413,131,31.7,126,225,62,51,10,0,41,56,113,30,0,Matches
154,Kiko Femenía\e5d01ecf,es ESP,DF,Watford,30,1991,23.8,43,26,29,11,3,24,41,58.5,17,227,75,33.0,112,85,30,39,10,0,29,63,106,61,0,Matches
155,Evan Ferguson\4596da74,ie IRL,MF,Brighton,16,2004,0.3,0,0,0,0,0,0,0,,0,1,0,0.0,0,0,1,0,0,0,0,0,0,0,0,Matches
156,Nathan Ferguson\2f8d27bc,eng ENG,DF,Crystal Palace,20,2000,0.1,0,0,0,0,0,0,0,,0,1,0,0.0,1,0,0,0,0,0,0,0,0,0,0,Matches
157,Bruno Fernandes\507c7bdf,pt POR,MF,Manchester Utd,26,1994,34.6,59,45,30,22,7,24,74,32.4,50,610,172,28.2,120,290,200,29,0,0,29,38,97,40,3,Matches
158,Álvaro Fernández\f127d782,es ESP,GK,Brentford,23,1998,12.0,0,0,0,0,0,0,0,,0,0,0,,0,0,0,0,0,0,0,0,0,0,2,Matches
159,Federico Fernández\f25b010f,ar ARG,DF,Newcastle Utd,32,1989,5.8,1,1,0,1,0,0,6,0.0,6,33,4,12.1,21,9,3,11,9,0,2,13,14,23,0,Matches
160,Fernandinho\101da2b5,br BRA,MFDF,Manchester City,36,1985,10.7,23,16,8,13,2,6,19,31.6,13,130,45,34.6,42,74,14,6,3,0,3,14,37,23,1,Matches
161,Roberto Firmino\4c370d81,br BRA,FW,Liverpool,29,1991,11.0,34,21,5,17,12,4,15,26.7,11,249,85,34.1,32,114,103,20,0,0,20,4,38,3,0,Matches
162,Junior Firpo\24f59bb2,es ESP,DF,Leeds United,24,1996,19.0,73,38,41,27,5,33,68,48.5,35,356,103,28.9,184,130,42,37,8,1,29,33,106,47,0,Matches
163,Ashley Fletcher\eeb6551f,eng ENG,FW,Watford,25,1995,0.3,2,2,2,0,0,1,1,100.0,0,9,1,11.1,5,3,1,1,1,0,0,0,2,0,0,Matches
164,Phil Foden\ed1e53f3,eng ENG,FW,Manchester City,21,2000,23.6,19,15,8,5,6,7,10,70.0,3,410,135,32.9,44,132,234,12,2,0,10,17,36,1,0,Matches
165,Wesley Fofana\132a82f1,fr FRA,DF,Leicester City,20,2000,7.0,10,5,9,1,0,7,9,77.8,2,56,22,39.3,38,18,0,6,2,0,4,16,26,28,1,Matches
166,Pablo Fornals\82927de4,es ESP,FWMF,West Ham,25,1996,31.1,51,34,22,18,11,26,87,29.9,61,664,179,27.0,190,299,175,52,3,0,49,47,98,16,0,Matches
167,Adam Forshaw\9f1938ab,eng ENG,MF,Leeds United,29,1991,17.0,51,28,20,29,2,21,48,43.8,27,408,124,30.4,127,215,66,19,1,0,18,30,81,19,1,Matches
168,Marcus Forss\82c215a0,fi FIN,FWMF,Brentford,22,1999,2.3,4,2,0,3,1,2,4,50.0,2,70,21,30.0,11,29,30,3,0,0,3,2,6,0,0,Matches
169,Fraser Forster\c3e39f12,eng ENG,GK,Southampton,33,1988,19.0,1,0,1,0,0,0,1,0.0,1,3,1,33.3,3,0,0,0,0,0,0,0,1,4,1,Matches
170,Ben Foster\d0b3ceb9,eng ENG,GK,Watford,38,1983,26.0,0,0,0,0,0,0,3,0.0,3,7,1,14.3,7,0,0,0,0,0,0,0,0,6,2,Matches
171,Tariqe Fosu\3dcef539,gh GHA,DF,Brentford,25,1995,0.2,0,0,0,0,0,0,0,,0,5,0,0.0,0,2,3,1,0,0,1,0,0,0,0,Matches
172,Ryan Fraser\d56543a0,sct SCO,FWMF,Newcastle Utd,27,1994,16.3,13,4,8,5,0,4,16,25.0,12,166,42,25.3,33,71,62,14,1,0,13,16,29,9,0,Matches
173,Fred\b853e0ad,br BRA,MF,Manchester Utd,28,1993,22.5,66,38,29,28,9,19,71,26.8,52,554,141,25.5,193,298,63,47,14,0,33,49,115,30,0,Matches
174,Ryan Fredericks\c067631c,eng ENG,DF,West Ham,28,1992,3.4,4,2,4,0,0,2,4,50.0,2,24,5,20.8,13,7,4,4,1,0,3,6,10,9,1,Matches
175,Leo Fuhr Hjelde\d102b8a2,no NOR,DF,Leeds United,17,2003,1.7,4,2,4,0,0,3,3,100.0,0,30,11,36.7,13,12,5,3,3,0,0,4,8,8,0,Matches
176,Conor Gallagher\c2731c10,eng ENG,MF,Crystal Palace,21,2000,31.6,69,44,33,20,16,14,61,23.0,47,781,221,28.3,208,361,212,56,10,0,46,43,112,27,0,Matches
177,Alejandro Garnacho\7aa8adfe,es ESP,FW,Manchester Utd,17,2004,0.1,0,0,0,0,0,0,1,0.0,1,9,0,0.0,4,4,1,0,0,0,0,0,0,0,0,Matches
178,Dwight Gayle\e58a03c6,eng ENG,FW,Newcastle Utd,30,1990,0.4,1,0,0,1,0,0,0,,0,18,5,27.8,1,12,5,0,0,0,0,1,2,0,0,Matches
179,Jean-Philippe Gbamin\6bd603db,ci CIV,MF,Everton,25,1995,0.7,2,1,1,1,0,0,1,0.0,1,14,7,50.0,8,3,3,0,0,0,0,0,2,1,0,Matches
180,David de Gea\7ba6d84e,es ESP,GK,Manchester Utd,30,1990,38.0,0,0,0,0,0,0,0,,0,1,0,0.0,1,0,0,0,0,0,0,0,0,0,0,Matches
181,Joe Gelhardt\01962d0d,eng ENG,FWMF,Leeds United,19,2002,8.3,12,6,4,2,6,3,10,30.0,7,204,68,33.3,19,93,92,8,0,0,8,4,16,3,0,Matches
182,Anwar El Ghazi\ffa90327,nl NED,FWMF,Aston Villa,26,1995,4.3,3,3,1,2,0,2,6,33.3,4,48,18,37.5,7,24,17,5,0,0,5,2,5,2,0,Matches
183,Anwar El Ghazi\ffa90327,nl NED,FW,Everton,26,1995,0.1,1,1,1,0,0,1,1,100.0,0,10,3,30.0,2,3,5,2,0,0,2,1,2,0,0,Matches
184,Saman Ghoddos\f7b1d4e0,ir IRN,DFMF,Brentford,27,1993,6.0,17,8,8,7,2,8,12,66.7,4,117,26,22.2,37,48,32,13,0,0,13,7,24,13,0,Matches
185,Dimitris Giannoulis\112c495e,gr GRE,DF,Norwich City,25,1995,13.0,40,23,22,16,2,22,35,62.9,13,204,54,26.5,105,69,30,38,6,0,32,36,76,31,0,Matches
186,Morgan Gibbs-White\32f60ed8,eng ENG,FWMF,Wolves,21,2000,0.1,0,0,0,0,0,0,0,,0,3,0,0.0,1,1,1,1,0,0,1,0,0,0,0,Matches
187,Ben Gibson\bcfb0142,eng ENG,DF,Norwich City,28,1993,27.7,21,17,16,5,0,5,11,45.5,6,152,51,33.6,97,49,6,57,34,0,23,48,69,159,1,Matches
188,Billy Gilmour\df10e27c,sct SCO,MF,Norwich City,20,2001,20.6,48,22,19,24,5,15,41,36.6,26,495,101,20.4,203,235,57,23,5,0,18,33,81,32,0,Matches
189,Ben Godfrey\9f7c837d,eng ENG,DF,Everton,23,1998,22.5,53,26,29,19,5,16,30,53.3,14,266,89,33.5,134,109,23,48,20,0,28,48,101,98,3,Matches
190,André Gomes\1961b2aa,pt POR,MF,Everton,28,1993,6.9,15,9,6,5,4,7,22,31.8,15,198,51,25.8,70,92,36,13,2,0,11,11,26,3,1,Matches
191,Toti Gomes\f0caab96,pt POR,DF,Wolves,22,1999,4.0,7,3,6,1,0,3,8,37.5,5,34,15,44.1,19,10,5,10,2,0,8,10,17,20,0,Matches
192,Joe Gomez\7a11550b,eng ENG,DF,Liverpool,24,1997,3.7,7,4,5,0,2,2,6,33.3,4,42,16,38.1,18,16,8,3,1,0,2,12,19,8,0,Matches
193,Charlie Goode\7aee4dd3,eng ENG,DF,Brentford,25,1995,5.0,8,5,6,2,0,4,4,100.0,0,36,15,41.7,20,13,3,5,2,0,3,5,13,12,0,Matches
194,Anthony Gordon\2bd83368,eng ENG,MFFW,Everton,20,2001,25.4,62,36,29,23,10,22,63,34.9,41,596,154,25.8,153,275,168,58,5,0,53,36,98,8,0,Matches
195,Kaide Gordon\19a9cb70,eng ENG,FW,Liverpool,16,2004,0.1,1,0,0,0,1,1,1,100.0,0,6,3,50.0,0,1,5,0,0,0,0,0,1,0,0,Matches
196,Dan Gosling\7fec31a0,eng ENG,MF,Watford,31,1990,1.8,2,1,2,0,0,1,6,16.7,5,28,7,25.0,9,13,6,1,0,0,1,1,3,3,0,Matches
197,Demarai Gray\4468ec10,eng ENG,MFFW,Everton,25,1996,26.0,33,19,13,12,8,15,32,46.9,17,339,109,32.2,83,133,123,38,2,0,36,16,49,15,1,Matches
198,Jack Grealish\b0b4fd3e,eng ENG,FW,Manchester City,25,1995,21.3,20,15,4,12,4,3,12,25.0,9,269,105,39.0,39,90,140,20,2,0,18,16,36,7,0,Matches
199,Mason Greenwood\58eee997,eng ENG,FWMF,Manchester Utd,19,2001,14.1,16,8,8,2,6,5,12,41.7,7,154,40,26.0,35,59,60,5,0,0,5,4,20,5,0,Matches
200,Sam Greenwood\f3354c07,eng ENG,MFFW,Leeds United,19,2002,2.6,8,2,0,7,1,3,7,42.9,4,73,16,21.9,7,42,24,2,1,0,1,2,10,3,0,Matches
201,Pascal Groß\8aec0537,de GER,MFDF,Brighton,30,1991,22.6,31,21,18,10,3,12,34,35.3,22,401,118,29.4,130,149,122,39,7,0,32,16,47,24,0,Matches
202,Vicente Guaita\ab13a5aa,es ESP,GK,Crystal Palace,34,1987,29.5,0,0,0,0,0,0,0,,0,1,0,0.0,1,0,0,0,0,0,0,0,0,0,1,Matches
203,Marc Guéhi\d0706b27,eng ENG,DF,Crystal Palace,21,2000,35.8,33,22,23,9,1,11,17,64.7,6,223,91,40.8,142,70,11,46,29,0,17,58,91,143,0,Matches
204,Bruno Guimarães\82518f62,br BRA,MF,Newcastle Utd,23,1997,11.5,51,39,26,21,4,14,32,43.8,18,299,89,29.8,108,144,47,27,7,0,20,19,70,9,0,Matches
205,İlkay Gündoğan\819b3158,de GER,MF,Manchester City,30,1990,20.6,21,11,9,11,1,9,25,36.0,16,196,56,28.6,50,93,53,19,3,1,16,27,48,10,0,Matches
206,Angus Gunn\e082af5b,eng ENG,GK,Norwich City,25,1996,9.0,0,0,0,0,0,0,0,,0,2,0,0.0,2,0,0,0,0,0,0,0,0,1,0,Matches
207,Grant Hanley\e9254eec,sct SCO,DF,Norwich City,29,1991,32.2,55,38,38,14,3,14,29,48.3,15,269,102,37.9,192,67,10,77,54,1,23,65,120,196,1,Matches
208,Jack Harrison\aa849a12,eng ENG,FWMF,Leeds United,24,1996,29.3,56,32,20,23,13,26,59,44.1,33,600,168,28.0,170,254,176,53,3,0,50,41,97,31,0,Matches
209,Kortney Hause\bf8fad51,eng ENG,DF,Aston Villa,26,1995,4.4,4,4,3,0,1,2,2,100.0,0,47,21,44.7,30,16,1,10,5,0,5,9,13,19,0,Matches
210,Kai Havertz\fed7cb61,de GER,FWMF,Chelsea,22,1999,20.1,21,13,4,12,5,5,18,27.8,13,352,95,27.0,36,128,188,37,1,0,36,6,27,30,0,Matches
211,Isaac Hayden\c951a6df,eng ENG,MFDF,Newcastle Utd,26,1995,11.1,34,18,17,12,5,8,23,34.8,15,194,53,27.3,77,96,21,22,9,0,13,20,54,30,0,Matches
212,Hwang Hee-chan\169fd162,kr KOR,FWMF,Wolves,25,1996,20.2,28,14,9,17,2,13,36,36.1,23,272,64,23.5,53,133,86,14,0,0,14,25,53,8,1,Matches
213,Jordan Henderson\935e6b8f,eng ENG,MF,Liverpool,31,1990,28.9,37,24,7,26,4,16,47,34.0,31,467,146,31.3,99,257,111,31,3,0,28,43,80,17,0,Matches
214,Jeff Hendrick\989d5705,ie IRL,MF,Newcastle Utd,29,1992,0.8,1,1,0,1,0,1,1,100.0,0,16,2,12.5,2,11,3,0,0,0,0,0,1,1,0,Matches
215,Wayne Hennessey\76eca7e2,wls WAL,GK,Burnley,34,1987,2.0,0,0,0,0,0,0,0,,0,1,0,0.0,1,0,0,0,0,0,0,0,0,0,0,Matches
216,Rico Henry\8a3c1dc7,eng ENG,DF,Brentford,24,1997,30.8,42,27,27,8,7,11,36,30.6,25,396,106,26.8,183,133,80,74,12,0,62,59,101,62,1,Matches
217,Son Heung-min\92e7e919,kr KOR,FWMF,Tottenham,29,1992,33.4,19,12,7,9,3,5,26,19.2,21,383,96,25.1,65,190,128,32,8,0,24,29,48,11,0,Matches
218,Ki-Jana Hoever\9a71e978,nl NED,DF,Wolves,19,2002,3.4,16,10,12,4,0,5,13,38.5,8,81,25,30.9,40,30,11,6,0,0,6,5,21,8,0,Matches
219,Rob Holding\d79a8c87,eng ENG,DF,Arsenal,25,1995,9.4,12,7,10,1,1,5,8,62.5,3,62,19,30.6,35,23,4,25,18,0,7,15,27,50,0,Matches
220,Mason Holgate\d0042ab9,eng ENG,DF,Everton,24,1996,23.7,44,26,31,12,1,14,30,46.7,16,231,78,33.8,142,74,15,30,19,2,11,42,86,127,0,Matches
221,Callum Hudson-Odoi\15f3ec41,eng ENG,FWMF,Chelsea,20,2000,10.7,13,6,4,7,2,3,15,20.0,12,158,38,24.1,24,77,57,13,0,0,13,5,18,5,0,Matches
222,Will Hughes\a0666d3e,eng ENG,MF,Crystal Palace,26,1995,11.7,29,15,9,17,3,7,19,36.8,12,212,56,26.4,71,121,20,25,7,0,18,22,51,14,0,Matches
223,Pierre Højbjerg\8b04d6c1,dk DEN,MF,Tottenham,25,1995,35.5,84,49,28,45,11,29,80,36.3,51,669,176,26.3,255,319,95,73,13,0,60,70,154,61,0,Matches
224,Adam Idah\291e3ec3,ie IRL,FWMF,Norwich City,20,2001,6.9,11,6,4,5,2,2,5,40.0,3,93,23,24.7,15,40,38,4,3,0,1,4,15,8,0,Matches
225,Kelechi Iheanacho\c92e1a31,ng NGA,FW,Leicester City,24,1996,14.0,15,9,2,9,4,4,12,33.3,8,244,65,26.6,17,111,116,16,1,0,15,4,19,10,0,Matches
226,Danny Ings\07802f7f,eng ENG,FW,Aston Villa,29,1992,21.1,26,11,6,14,6,11,28,39.3,17,385,89,23.1,52,165,168,30,4,0,26,15,41,19,0,Matches
227,Tim Iroegbunam\84c5ceea,eng ENG,MF,Aston Villa,18,2003,1.0,5,2,3,2,0,1,2,50.0,1,24,8,33.3,6,16,2,1,0,0,1,2,7,1,0,Matches
228,Alex Iwobi\6ca5ec4b,ng NGA,MFDF,Everton,25,1996,22.6,46,28,24,15,7,20,47,42.6,27,519,153,29.5,182,211,126,45,4,0,41,40,86,23,0,Matches
229,Daniel James\c931d9f9,wls WAL,FW,Manchester Utd,23,1997,1.4,4,4,0,4,0,1,1,100.0,0,31,8,25.8,5,13,13,2,0,0,2,0,4,1,0,Matches
230,Daniel James\c931d9f9,wls WAL,FWMF,Leeds United,23,1997,26.3,35,17,12,13,10,11,27,40.7,16,580,149,25.7,87,221,272,24,2,0,22,19,54,12,0,Matches
231,Reece James\1265a93a,eng ENG,DF,Chelsea,21,1999,20.7,39,23,22,14,3,8,25,32.0,17,265,93,35.1,98,107,60,29,3,1,26,21,60,21,0,Matches
232,Vitaly Janelt\8449d35e,de GER,MF,Brentford,23,1998,25.5,62,35,23,28,11,17,44,38.6,27,487,145,29.8,128,246,113,43,8,0,35,44,106,34,1,Matches
233,Pontus Jansson\172e52d8,se SWE,DF,Brentford,30,1991,36.9,36,25,27,8,1,17,36,47.2,19,204,75,36.8,120,71,13,56,27,0,29,69,105,208,2,Matches
234,Mathias Jensen\0f134faf,dk DEN,MF,Brentford,25,1996,17.8,34,28,12,17,5,19,61,31.1,42,456,133,29.2,166,214,76,33,4,0,29,33,67,14,1,Matches
235,Gabriel Jesus\b66315ae,br BRA,FW,Manchester City,24,1997,20.9,24,12,5,6,13,6,25,24.0,19,295,72,24.4,33,129,133,25,1,0,24,18,42,7,0,Matches
236,Raúl Jiménez\b561db50,mx MEX,FW,Wolves,30,1991,29.2,33,23,4,18,11,4,21,19.0,17,445,108,24.3,41,234,170,36,8,1,28,19,52,27,0,Matches
237,Joelinton\c17bfb65,br BRA,MFFW,Newcastle Utd,24,1996,28.4,72,44,33,28,11,23,56,41.1,33,610,163,26.7,190,277,143,67,12,0,55,48,120,47,1,Matches
238,Ben Johnson\9319781b,eng ENG,DF,West Ham,21,2000,15.5,30,16,14,12,4,17,30,56.7,13,172,61,35.5,87,53,32,49,10,1,39,25,55,49,0,Matches
239,Curtis Jones\4fb9c88f,eng ENG,MF,Liverpool,20,2001,9.5,12,9,3,8,1,2,9,22.2,7,212,61,28.8,37,116,59,5,0,0,5,10,22,2,0,Matches
240,Phil Jones\def899bd,eng ENG,DF,Manchester Utd,29,1992,1.8,6,4,4,1,1,3,4,75.0,1,23,4,17.4,11,11,1,3,3,0,0,5,11,9,0,Matches
241,Jorginho\45db685d,it ITA,MF,Chelsea,29,1991,25.3,68,46,30,32,6,23,76,30.3,53,488,175,35.9,176,237,75,35,6,0,29,60,128,21,1,Matches
242,Diogo Jota\178ae8f8,pt POR,FW,Liverpool,24,1996,26.3,36,21,14,15,7,10,47,21.3,37,589,164,27.8,98,237,254,19,3,0,16,17,53,6,0,Matches
243,James Justin\fb614c44,eng ENG,DF,Leicester City,23,1998,11.1,31,21,14,12,5,9,18,50.0,9,181,52,28.7,86,72,23,28,5,0,23,27,58,33,0,Matches
244,Mathias Jørgensen\0db5d2c8,dk DEN,DF,Brentford,31,1990,5.8,11,2,4,4,3,6,9,66.7,3,54,13,24.1,28,19,7,8,1,0,7,10,21,14,0,Matches
245,Ozan Kabak\2d61d13a,tr TUR,DF,Norwich City,21,2000,10.2,13,11,6,6,1,4,9,44.4,5,94,38,40.4,65,27,2,19,12,0,7,22,35,29,0,Matches
246,Christian Kabasele\914ab9a1,be BEL,DF,Watford,30,1991,13.3,10,6,7,3,0,3,5,60.0,2,83,35,42.2,57,24,2,33,17,0,16,26,36,58,2,Matches
247,Samuel Kalu\b8d22478,ng NGA,FW,Watford,23,1997,2.5,2,2,0,2,0,1,2,50.0,1,23,6,26.1,7,6,10,3,0,0,3,5,7,3,0,Matches
248,Hassane Kamara\19a12bed,ci CIV,DF,Watford,27,1994,18.0,61,29,38,18,5,24,40,60.0,16,300,75,25.0,177,101,22,33,5,0,28,94,155,57,0,Matches
249,Harry Kane\21a66f6a,eng ENG,FW,Tottenham,28,1993,35.9,19,10,3,11,5,8,25,32.0,17,378,110,29.1,27,150,201,22,9,1,13,7,26,38,0,Matches
250,N'Golo Kanté\b9fbae28,fr FRA,MF,Chelsea,30,1991,19.7,57,34,22,22,13,19,38,50.0,19,385,134,34.8,123,180,82,37,2,0,35,44,101,14,0,Matches
251,Edo Kayembe\f99b71de,cd COD,MF,Watford,22,1998,8.9,21,15,10,9,2,5,10,50.0,5,127,47,37.0,63,59,5,13,1,0,12,14,35,20,0,Matches
252,Moise Kean\3d50bcdb,it ITA,FW,Everton,21,2000,0.0,0,0,0,0,0,0,0,,0,0,0,,0,0,0,0,0,0,0,0,0,0,0,Matches
253,Michael Keane\c5b7c315,eng ENG,DF,Everton,28,1993,31.0,49,35,35,12,2,25,43,58.1,18,228,93,40.8,131,81,16,51,32,0,19,62,111,149,2,Matches
254,Naby Keïta\f25c8e3a,gn GUI,MF,Liverpool,26,1995,13.0,47,28,19,19,9,18,35,51.4,17,321,107,33.3,74,161,86,24,2,0,22,20,67,4,0,Matches
255,Caoimhín Kelleher\62d7ef38,ie IRL,GK,Liverpool,22,1998,2.0,0,0,0,0,0,0,0,,0,0,0,,0,0,0,0,0,0,0,0,0,0,0,Matches
256,Kenedy\5eebbfdf,br BRA,DF,Chelsea,25,1996,0.6,3,2,0,1,2,0,2,0.0,2,9,2,22.2,1,5,3,2,0,0,2,0,3,0,0,Matches
257,Jonjoe Kenny\099e666f,eng ENG,DF,Everton,24,1997,11.3,19,12,9,9,1,14,28,50.0,14,141,51,36.2,64,64,13,17,2,0,15,32,51,21,0,Matches
258,Max Kilman\d0f72bf1,eng ENG,DF,Wolves,24,1997,29.9,53,33,40,13,0,20,33,60.6,13,240,92,38.3,159,70,11,52,21,0,31,64,117,118,1,Matches
259,Joshua King\43458538,no NOR,FW,Watford,29,1992,25.0,31,21,6,17,8,5,16,31.3,11,486,134,27.6,69,221,196,21,5,0,16,12,43,27,0,Matches
260,Kristoffer Klaesson\3f70db80,no NOR,GK,Leeds United,20,2000,0.4,0,0,0,0,0,0,0,,0,0,0,,0,0,0,0,0,0,0,0,0,0,0,Matches
261,Mateusz Klich\282679b4,pl POL,MF,Leeds United,31,1990,23.0,49,26,18,24,7,19,66,28.8,47,595,150,25.2,178,312,105,24,6,0,18,31,80,24,0,Matches
262,Robin Koch\ea6bc03a,de GER,MFDF,Leeds United,25,1996,17.5,31,20,15,11,5,12,36,33.3,24,299,100,33.4,135,131,33,33,11,1,22,34,65,46,0,Matches
263,Sead Kolašinac\3935e52e,ba BIH,DF,Arsenal,28,1993,1.0,1,1,1,0,0,0,0,,0,12,3,25.0,7,3,2,2,0,0,2,4,5,8,0,Matches
264,Ibrahima Konaté\5ed9b537,fr FRA,DF,Liverpool,22,1999,11.0,14,8,6,7,1,3,7,42.9,4,86,23,26.7,44,36,6,15,10,1,5,28,42,47,0,Matches
265,Ezri Konsa\0313a347,eng ENG,DF,Aston Villa,23,1997,27.5,26,14,15,10,1,7,13,53.8,6,179,64,35.8,106,60,13,43,22,0,21,45,71,81,2,Matches
266,Cheikhou Kouyaté\8d3c902d,sn SEN,MF,Crystal Palace,31,1989,21.9,60,34,32,26,2,15,34,44.1,19,393,115,29.3,193,177,23,59,17,0,42,45,105,54,0,Matches
267,Mateo Kovačić\79c0821a,hr CRO,MF,Chelsea,27,1994,17.3,52,40,15,27,10,17,33,51.5,16,379,115,30.3,97,214,68,18,4,0,14,20,72,13,1,Matches
268,Emil Krafth\77cf6852,se SWE,DF,Newcastle Utd,26,1994,18.2,39,20,29,9,1,21,39,53.8,18,232,64,27.6,112,95,25,38,10,0,28,48,87,53,0,Matches
269,Alex Král\e717705a,cz CZE,MF,West Ham,23,1998,0.0,0,0,0,0,0,0,0,,0,2,2,100.0,0,1,1,0,0,0,0,0,0,0,0,Matches
270,Tim Krul\f23f9d20,nl NED,GK,Norwich City,33,1988,29.0,0,0,0,0,0,0,3,0.0,3,9,2,22.2,9,0,0,1,0,0,1,0,0,0,4,Matches
271,Juraj Kucka\5aaef9ef,sk SVK,MF,Watford,34,1987,21.3,74,47,41,27,6,28,67,41.8,39,423,135,31.9,157,201,65,39,9,1,30,46,120,50,1,Matches
272,Dejan Kulusevski\df3cda47,se SWE,MFFW,Tottenham,21,2000,14.0,20,16,9,10,1,6,19,31.6,13,310,79,25.5,112,126,72,11,0,0,11,26,46,1,0,Matches
273,Alexandre Lacazette\9dbb75ca,fr FRA,FWMF,Arsenal,30,1991,19.8,26,19,7,13,6,7,15,46.7,8,358,108,30.2,47,126,185,13,2,0,11,13,39,6,0,Matches
274,Adam Lallana\99813635,eng ENG,MF,Brighton,33,1988,17.3,38,22,19,15,4,11,36,30.6,25,303,104,34.3,113,133,57,26,8,0,18,27,65,15,0,Matches
275,Tariq Lamptey\f4e433d4,eng ENG,DFFW,Brighton,20,2000,17.3,38,23,15,18,5,14,26,53.8,12,245,74,30.2,78,96,71,22,4,0,18,37,75,19,0,Matches
276,Manuel Lanzini\26f6dca8,ar ARG,MFFW,West Ham,28,1993,19.8,25,18,11,8,6,12,41,29.3,29,373,95,25.5,107,192,74,22,1,0,21,28,53,7,0,Matches
277,Aymeric Laporte\119b9a8e,es ESP,DF,Manchester City,27,1994,31.4,31,17,20,10,1,15,25,60.0,10,139,63,45.3,81,50,8,24,11,0,13,33,64,78,2,Matches
278,Jamaal Lascelles\450ab6fc,eng ENG,DF,Newcastle Utd,27,1993,22.9,21,11,16,3,2,7,18,38.9,11,154,51,33.1,94,53,7,50,32,1,18,35,56,134,0,Matches
279,Pierre Lees-Melou\f5044e54,fr FRA,MF,Norwich City,28,1993,25.2,65,40,29,26,10,24,82,29.3,58,650,162,24.9,249,307,94,41,12,2,29,42,107,19,0,Matches
280,Aaron Lennon\2ff964a0,eng ENG,MF,Burnley,34,1987,17.2,38,18,13,16,9,9,39,23.1,30,348,83,23.9,97,142,109,32,4,0,28,15,53,13,0,Matches
281,Bernd Leno\2628fd2b,de GER,GK,Arsenal,29,1992,4.0,0,0,0,0,0,0,0,,0,0,0,,0,0,0,0,0,0,0,0,0,0,0,Matches
282,Jamal Lewis\efb9215a,nir NIR,DF,Newcastle Utd,23,1998,2.9,11,6,7,2,2,3,4,75.0,1,42,14,33.3,25,8,9,5,2,0,3,6,17,6,0,Matches
283,Victor Lindelöf\f5deef4c,se SWE,DF,Manchester Utd,27,1994,26.2,19,10,9,9,1,9,16,56.3,7,155,58,37.4,75,73,7,42,20,0,22,51,70,120,1,Matches
284,Jesse Lingard\810e3c74,eng ENG,FWMF,Manchester Utd,28,1992,4.1,11,6,3,6,2,2,3,66.7,1,110,28,25.5,20,45,45,3,0,0,3,4,15,1,0,Matches
285,Valentino Livramento\afed6722,eng ENG,DF,Southampton,18,2002,24.5,54,30,32,17,5,25,45,55.6,20,332,110,33.1,164,125,43,45,10,0,35,73,127,49,0,Matches
286,Diego Llorente\bba30585,es ESP,DF,Leeds United,27,1993,26.0,56,35,38,16,2,30,53,56.6,23,361,140,38.8,208,140,13,61,19,0,42,61,117,104,1,Matches
287,Hugo Lloris\8f62b6ee,fr FRA,GK,Tottenham,34,1986,38.0,0,0,0,0,0,0,1,0.0,1,4,1,25.0,3,1,0,0,0,0,0,0,0,0,3,Matches
288,Giovani Lo Celso\d7553721,ar ARG,MFFW,Tottenham,25,1996,2.6,8,3,4,3,1,3,12,25.0,9,69,14,20.3,26,29,14,7,1,0,6,3,11,0,0,Matches
289,Jürgen Locadia\6cc47ae1,nl NED,FW,Brighton,27,1993,0.3,1,1,0,1,0,0,0,,0,4,3,75.0,0,2,2,0,0,0,0,0,1,0,0,Matches
290,Ruben Loftus-Cheek\e97fd090,eng ENG,MFDF,Chelsea,25,1996,15.5,31,20,17,10,4,5,16,31.3,11,251,84,33.5,81,124,46,21,6,0,15,15,46,22,0,Matches
291,Kevin Long\5a4280b1,ie IRL,DF,Burnley,30,1990,4.6,6,5,3,3,0,0,2,0.0,2,42,13,31.0,22,16,4,8,3,0,5,7,13,15,0,Matches
292,Shane Long\9f472354,ie IRL,FW,Southampton,34,1987,3.4,8,3,2,4,2,1,1,100.0,0,83,24,28.9,10,32,41,3,0,0,3,1,9,1,0,Matches
293,Sean Longstaff\a2b105e0,eng ENG,MF,Newcastle Utd,23,1997,16.3,51,33,20,24,7,19,62,30.6,43,427,108,25.3,158,209,60,27,6,0,21,20,71,22,0,Matches
294,Ademola Lookman\7c104bb7,ng NGA,FWMF,Leicester City,23,1997,16.1,41,25,14,20,7,9,26,34.6,17,345,98,28.4,81,163,101,26,1,0,25,20,61,2,0,Matches
295,Jonas Lössl\939bc634,dk DEN,GK,Brentford,32,1989,2.0,0,0,0,0,0,0,0,,0,0,0,,0,0,0,0,0,0,0,0,0,0,0,Matches
296,Imran Louza\e1df6989,ma MAR,MF,Watford,22,1999,15.7,51,32,25,21,5,20,44,45.5,24,345,105,30.4,143,159,43,23,6,0,17,48,99,22,0,Matches
297,Matthew Lowton\9a9c05db,eng ENG,DF,Burnley,32,1989,19.7,45,26,21,17,7,21,46,45.7,25,188,61,32.4,74,70,44,45,13,0,32,34,79,68,0,Matches
298,Douglas Luiz\6f7d826d,br BRA,MF,Aston Villa,23,1998,30.2,64,43,35,24,5,24,73,32.9,49,524,156,29.8,229,243,52,44,8,0,36,61,125,29,0,Matches
299,Romelu Lukaku\5eae500a,be BEL,FW,Chelsea,28,1993,17.7,5,3,0,2,3,2,5,40.0,3,190,55,28.9,6,63,121,10,3,0,7,1,6,21,0,Matches
300,Lyanco\b5bf1770,br BRA,DF,Southampton,24,1997,10.1,17,14,11,6,0,5,14,35.7,9,99,43,43.4,54,44,1,28,17,0,11,29,46,66,1,Matches
301,Alexis Mac Allister\83d074ff,ar ARG,MFFW,Brighton,22,1998,23.6,73,51,27,31,15,22,59,37.3,37,565,199,35.2,162,258,145,45,7,0,38,24,97,20,0,Matches
302,James Maddison\ee38d9c5,eng ENG,MFFW,Leicester City,24,1996,27.3,45,24,10,25,10,8,31,25.8,23,498,114,22.9,116,251,131,27,3,0,24,20,65,10,0,Matches
303,Harry Maguire\d8931174,eng ENG,DF,Manchester Utd,28,1993,27.9,41,26,25,11,5,14,27,51.9,13,173,65,37.6,118,49,6,46,32,0,14,53,94,130,0,Matches
304,Riyad Mahrez\892d5bb1,dz ALG,FW,Manchester City,30,1991,16.6,10,6,4,2,4,3,15,20.0,12,192,58,30.2,33,80,79,16,1,0,15,13,23,1,0,Matches
305,Ainsley Maitland-Niles\e3a5814e,eng ENG,MF,Arsenal,23,1997,3.0,7,4,4,2,1,1,4,25.0,3,54,17,31.5,19,25,10,5,1,0,4,3,10,4,0,Matches
306,Sadio Mané\c691bfe2,sn SEN,FW,Liverpool,29,1992,31.3,33,18,7,13,13,8,25,32.0,17,452,143,31.6,57,193,202,36,4,0,32,15,48,10,0,Matches
307,Javier Manquillo\758dd7f0,es ESP,DF,Newcastle Utd,27,1994,14.0,41,24,27,10,4,19,36,52.8,17,175,56,32.0,100,46,29,28,6,0,22,23,64,29,0,Matches
308,Fernando Marçal\9ae9eaea,br BRA,DF,Wolves,32,1989,16.1,42,26,29,10,3,17,33,51.5,16,241,67,27.8,127,83,31,42,5,0,37,31,73,54,0,Matches
309,Solly March\bb5fbd2b,eng ENG,DFFW,Brighton,27,1994,19.4,38,22,15,9,14,9,24,37.5,15,260,72,27.7,71,82,107,33,4,0,29,31,69,23,0,Matches
310,Pablo Marí\aa54ec6f,es ESP,DF,Arsenal,27,1993,2.0,6,2,2,3,1,4,8,50.0,4,19,4,21.1,9,8,2,6,4,0,2,6,12,11,0,Matches
311,Anthony Martial\8b788c01,fr FRA,FW,Manchester Utd,25,1995,2.4,1,1,0,0,1,0,1,0.0,1,28,11,39.3,6,9,13,3,0,0,3,1,2,2,0,Matches
312,Martinelli\48a5a5d6,br BRA,FWMF,Arsenal,20,2001,20.7,30,19,10,14,6,6,21,28.6,15,341,99,29.0,58,113,170,41,6,0,35,21,51,15,0,Matches
313,Emiliano Martínez\7956236f,ar ARG,GK,Aston Villa,28,1992,36.0,0,0,0,0,0,0,2,0.0,2,2,0,0.0,2,0,0,0,0,0,0,1,1,1,1,Matches
314,Adam Masina\de0f152c,ma MAR,DF,Watford,27,1994,12.0,24,14,11,12,1,10,30,33.3,20,162,45,27.8,73,70,19,29,6,0,23,31,55,41,0,Matches
315,Arthur Masuaku\57df7a11,cd COD,DFFW,West Ham,27,1993,7.2,33,19,20,11,2,12,23,52.2,11,120,39,32.5,61,50,9,10,1,0,9,18,51,16,0,Matches
316,Juan Mata\29733c72,es ESP,MF,Manchester Utd,33,1988,2.6,7,6,2,4,1,3,5,60.0,2,51,15,29.4,17,24,10,1,0,0,1,2,9,2,0,Matches
317,Jean-Philippe Mateta\50e6dc35,fr FRA,FW,Crystal Palace,24,1997,12.7,7,5,1,5,1,3,13,23.1,10,249,50,20.1,22,138,89,12,3,0,9,4,11,15,0,Matches
318,Nemanja Matić\eb7822d7,rs SRB,MF,Manchester Utd,32,1988,15.4,34,28,20,13,1,10,29,34.5,19,232,70,30.2,106,107,19,34,6,0,28,32,66,31,1,Matches
319,Joël Matip\b217ef29,cm CMR,DF,Liverpool,29,1991,31.0,48,36,24,18,6,17,29,58.6,12,210,89,42.4,117,74,19,38,17,1,21,66,114,121,1,Matches
320,Neal Maupay\4bcf39f6,fr FRA,FW,Brighton,24,1996,25.3,19,12,3,9,7,5,14,35.7,9,508,143,28.1,43,186,279,21,3,0,18,10,29,3,0,Matches
321,Bryan Mbeumo\6afaebf2,fr FRA,FW,Brentford,21,1999,32.3,38,25,3,18,17,7,18,38.9,11,505,138,27.3,74,222,209,38,8,0,30,23,61,21,0,Matches
322,James McArthur\cee31595,sct SCO,MF,Crystal Palace,33,1987,16.0,37,26,18,17,2,15,40,37.5,25,376,129,34.3,130,197,49,34,9,0,25,34,71,42,0,Matches
323,James Mcatee\96593e89,eng ENG,MFFW,Manchester City,18,2002,0.2,0,0,0,0,0,0,2,0.0,2,9,2,22.2,2,0,7,0,0,0,0,1,1,0,0,Matches
324,Kasey McAteer\b2c66859,eng ENG,FW,Leicester City,19,2001,0.0,0,0,0,0,0,0,0,,0,4,1,25.0,0,2,2,0,0,0,0,0,0,0,0,Matches
325,Liam McCarron\076bb352,sct SCO,FW,Leeds United,20,2001,0.1,0,0,0,0,0,0,0,,0,3,0,0.0,2,0,1,0,0,0,0,0,0,0,0,Matches
326,Alex McCarthy\36c2ca73,eng ENG,GK,Southampton,31,1989,17.0,0,0,0,0,0,0,0,,0,0,0,,0,0,0,0,0,0,0,0,0,0,0,Matches
327,John McGinn\90f91999,sct SCO,MF,Aston Villa,26,1994,34.3,104,61,39,51,14,42,104,40.4,62,560,174,31.1,162,298,100,61,7,0,54,52,156,38,0,Matches
328,Stuart McKinstry\1000a059,sct SCO,MF,Leeds United,18,2002,0.0,0,0,0,0,0,0,0,,0,1,1,100.0,1,0,0,0,0,0,0,0,0,0,0,Matches
329,Kenny McLean\471f16b3,sct SCO,MF,Norwich City,29,1992,30.1,41,24,15,23,3,17,60,28.3,43,516,115,22.3,210,232,74,32,7,0,25,55,96,55,0,Matches
330,Dwight McNeil\fc15fb84,eng ENG,MF,Burnley,21,1999,34.5,68,36,28,32,8,22,74,29.7,52,680,172,25.3,237,288,155,82,12,2,70,67,135,20,0,Matches
331,Scott McTominay\d93c2511,sct SCO,MF,Manchester Utd,24,1996,26.5,69,33,38,24,7,33,66,50.0,33,490,132,26.9,182,246,62,48,11,0,37,47,116,65,0,Matches
332,Ben Mee\8df7a2fb,eng ENG,DF,Burnley,31,1989,20.4,27,16,15,9,3,11,22,50.0,11,109,39,35.8,61,42,6,40,26,1,14,35,62,122,0,Matches
333,Hannibal Mejbri\ca22ccb0,tn TUN,FW,Manchester Utd,18,2003,0.8,0,0,0,0,0,0,0,,0,32,6,18.8,6,13,13,0,0,0,0,1,1,0,0,Matches
334,Benjamin Mendy\5271c8f1,fr FRA,DF,Manchester City,27,1994,0.9,3,1,1,1,1,2,4,50.0,2,12,2,16.7,3,8,1,0,0,0,0,0,3,3,0,Matches
335,Edouard Mendy\33887998,sn SEN,GK,Chelsea,29,1992,34.0,0,0,0,0,0,0,2,0.0,2,3,1,33.3,3,0,0,0,0,0,0,0,0,1,5,Matches
336,Nampalys Mendy\1598599e,sn SEN,MF,Leicester City,29,1992,11.5,16,12,9,6,1,6,16,37.5,10,155,56,36.1,65,74,16,16,4,0,12,13,29,9,1,Matches
337,Illan Meslier\6b625ac2,fr FRA,GK,Leeds United,21,2000,37.6,0,0,0,0,0,0,0,,0,5,2,40.0,5,0,0,0,0,0,0,0,0,2,2,Matches
338,Luka Milivojević\2ce2508a,rs SRB,MF,Crystal Palace,30,1991,8.6,21,13,10,9,2,13,23,56.5,10,137,45,32.8,56,67,14,9,1,0,8,9,30,21,0,Matches
339,James Milner\2f90f6b8,eng ENG,MFDF,Liverpool,35,1986,9.5,35,23,15,15,5,15,35,42.9,20,172,68,39.5,37,93,42,20,6,0,14,22,57,22,0,Matches
340,Yerry Mina\6d5701f2,co COL,DF,Everton,26,1994,9.4,17,12,17,0,0,9,14,64.3,5,70,30,42.9,48,19,3,19,11,1,8,10,27,47,1,Matches
341,Takumi Minamino\f833a830,jp JPN,FWMF,Liverpool,26,1995,2.1,3,2,1,1,1,2,11,18.2,9,64,22,34.4,4,34,26,1,0,0,1,3,6,1,0,Matches
342,Tyrone Mings\8397a50c,eng ENG,DF,Aston Villa,28,1993,35.4,36,21,23,8,5,11,21,52.4,10,203,66,32.5,113,67,23,69,33,3,36,78,114,181,2,Matches
343,Tyrick Mitchell\5cbd1eb0,eng ENG,DF,Crystal Palace,21,1999,34.5,108,54,74,24,10,43,65,66.2,22,683,218,31.9,394,189,100,76,6,0,70,79,187,85,1,Matches
344,Jakub Moder\f230bc30,pl POL,MFFW,Brighton,22,1999,18.9,42,29,19,14,9,18,40,45.0,22,361,116,32.1,118,135,108,31,2,0,29,22,64,26,1,Matches
345,Wesley Moraes\bfae110f,br BRA,FW,Aston Villa,24,1996,0.0,0,0,0,0,0,0,0,,0,2,1,50.0,1,0,1,0,0,0,0,0,0,0,0,Matches
346,Tyler Morton\2bc28bb9,eng ENG,MF,Liverpool,18,2002,0.7,0,0,0,0,0,0,2,0.0,2,12,4,33.3,1,9,2,0,0,0,0,2,2,0,0,Matches
347,Mason Mount\9674002f,eng ENG,MFFW,Chelsea,22,1999,26.3,43,29,10,18,15,11,33,33.3,22,528,161,30.5,86,208,234,23,2,0,21,20,63,11,0,Matches
348,Lucas Moura\2b622f01,br BRA,FWMF,Tottenham,28,1992,19.7,29,14,6,16,7,6,26,23.1,20,278,68,24.5,66,140,72,18,1,0,17,22,51,21,0,Matches
349,João Moutinho\f5a00fa4,pt POR,MF,Wolves,34,1986,33.0,76,54,37,29,10,27,98,27.6,71,608,186,30.6,232,318,58,52,8,0,44,48,124,35,0,Matches
350,Bali Mumba\2d760d7b,eng ENG,DF,Norwich City,19,2001,0.5,1,0,1,0,0,0,0,,0,12,3,25.0,10,2,0,2,0,0,2,1,2,5,0,Matches
351,Jacob Murphy\de112b84,eng ENG,FWDF,Newcastle Utd,26,1995,16.4,41,17,27,11,3,15,35,42.9,20,320,71,22.2,136,106,78,31,2,0,29,33,74,20,0,Matches
352,Enock Mwepu\1d5cab82,zm ZAM,MFFW,Brighton,23,1998,11.1,25,14,8,12,5,7,29,24.1,22,223,57,25.6,63,93,67,24,4,0,20,16,41,20,0,Matches
353,Vitaliy Mykolenko\30d4a2e5,ua UKR,DF,Everton,22,1999,11.7,28,14,16,9,3,12,26,46.2,14,172,43,25.0,88,58,26,34,2,0,32,25,53,31,1,Matches
354,Marvelous Nakamba\de5b5570,zw ZIM,MF,Aston Villa,27,1994,10.0,31,19,19,11,1,14,35,40.0,21,209,59,28.2,107,86,16,16,4,0,12,23,54,16,0,Matches
355,Wilfred Ndidi\6b47c5db,ng NGA,MFDF,Leicester City,24,1996,18.0,70,47,39,28,3,21,47,44.7,26,410,137,33.4,155,214,41,32,6,0,26,45,115,69,0,Matches
356,Tanguy Ndombele\5cdddffa,fr FRA,MF,Tottenham,24,1996,5.4,13,10,4,8,1,1,6,16.7,5,88,26,29.5,24,45,19,2,1,0,1,3,16,3,0,Matches
357,Reiss Nelson\c5bdb6e3,eng ENG,FW,Arsenal,21,1999,0.2,1,0,0,1,0,0,0,,0,8,2,25.0,2,5,1,0,0,0,0,1,2,0,0,Matches
358,Pedro Neto\7ba2eaa9,pt POR,FWMF,Wolves,21,2000,5.2,5,5,2,2,1,0,7,0.0,7,90,22,24.4,18,38,34,1,0,0,1,6,11,1,0,Matches
359,Rúben Neves\44bfb6c5,pt POR,MF,Wolves,24,1997,29.6,67,43,32,29,6,22,90,24.4,68,541,145,26.8,203,288,50,43,6,0,37,55,122,54,1,Matches
360,Jeremy Ngakia\3631ad41,eng ENG,DF,Watford,20,2000,10.0,41,21,34,4,3,20,33,60.6,13,202,55,27.2,139,48,15,16,3,0,13,29,70,20,0,Matches
361,Saúl Ñíguez\c14bc029,es ESP,MFDF,Chelsea,26,1994,5.3,15,8,7,6,2,6,15,40.0,9,103,29,28.2,43,48,12,13,3,0,10,14,29,7,1,Matches
362,Eddie Nketiah\a53649b7,eng ENG,FW,Arsenal,22,1999,9.3,12,7,0,7,5,1,3,33.3,2,178,50,28.1,11,62,105,7,2,0,5,6,18,7,0,Matches
363,Nicolas Nkoulou\93cf32a8,cm CMR,DF,Watford,31,1990,1.9,1,0,0,1,0,0,0,,0,7,5,71.4,5,2,0,5,2,0,3,1,2,10,0,Matches
364,Mark Noble\ff527768,eng ENG,MF,West Ham,34,1987,3.7,11,7,9,2,0,2,4,50.0,2,53,21,39.6,23,23,7,4,1,0,3,5,16,3,0,Matches
365,Mathias Normann\8996350d,no NOR,MF,Norwich City,25,1996,18.3,38,24,21,14,3,11,35,31.4,24,324,66,20.4,144,156,24,26,11,1,15,25,63,43,0,Matches
366,Christian Nørgaard\df0a4c90,dk DEN,MF,Brentford,27,1994,33.9,130,80,54,64,12,54,105,51.4,51,691,218,31.5,260,366,65,59,10,1,49,85,215,57,1,Matches
367,Angelo Ogbonna\74b2cd7e,it ITA,DF,West Ham,33,1988,10.2,13,8,8,5,0,2,7,28.6,5,50,16,32.0,32,15,3,7,4,0,3,13,26,38,0,Matches
368,Michael Olise\c4486bac,fr FRA,FWMF,Crystal Palace,19,2001,12.7,22,15,9,8,5,9,20,45.0,11,240,68,28.3,70,115,55,22,0,0,22,13,35,9,0,Matches
369,Robin Olsen\e7ee38c3,se SWE,GK,Aston Villa,31,1990,1.0,0,0,0,0,0,0,0,,0,0,0,,0,0,0,0,0,0,0,0,0,0,0,Matches
370,Andrew Omobamidele\c393a6c4,ie IRL,DF,Norwich City,19,2002,4.2,8,3,5,3,0,6,12,50.0,6,49,14,28.6,37,12,0,10,10,0,0,10,18,17,0,Matches
371,Tyler Onyango\d86a1f3e,eng ENG,MFFW,Everton,18,2003,0.3,1,0,1,0,0,0,1,0.0,1,10,2,20.0,6,3,1,0,0,0,0,1,2,0,0,Matches
372,Frank Onyeka\2944f86f,ng NGA,MF,Brentford,23,1998,11.6,30,16,14,12,4,5,20,25.0,15,253,69,27.3,109,106,38,20,2,0,18,15,45,13,0,Matches
373,Divock Origi\43a166b4,be BEL,FW,Liverpool,26,1995,1.5,0,0,0,0,0,0,3,0.0,3,29,5,17.2,2,16,11,2,0,0,2,3,3,1,0,Matches
374,Alex Oxlade-Chamberlain\38c7feef,eng ENG,MFFW,Liverpool,27,1993,8.7,17,14,3,7,7,5,13,38.5,8,172,63,36.6,26,76,70,11,3,0,8,8,25,7,0,Matches
375,Cole Palmer\dc7f8a28,eng ENG,FWMF,Manchester City,19,2002,1.4,2,2,1,1,0,0,1,0.0,1,29,6,20.7,3,11,15,2,0,0,2,2,4,0,0,Matches
376,Emerson Palmieri\e0bc6fdc,it ITA,DF,Chelsea,26,1994,0.1,0,0,0,0,0,0,0,,0,0,0,,0,0,0,0,0,0,0,0,0,0,0,Matches
377,Thomas Partey\529f49ab,gh GHA,MF,Arsenal,28,1993,22.5,55,41,25,23,7,18,41,43.9,23,291,103,35.4,107,148,36,28,5,0,23,33,88,32,1,Matches
378,João Pedro\e8832875,br BRA,FWMF,Watford,19,2001,18.3,22,17,5,11,6,4,16,25.0,12,337,108,32.0,52,159,126,28,5,1,23,19,41,18,0,Matches
379,Nicolas Pépé\57e3f0c7,ci CIV,FWMF,Arsenal,26,1995,7.7,14,11,7,5,2,2,9,22.2,7,122,35,28.7,36,45,41,13,1,0,12,9,23,3,1,Matches
380,Ricardo Pereira\75a72a99,pt POR,DF,Leicester City,27,1993,11.0,45,25,24,15,6,20,39,51.3,19,194,62,32.0,76,81,37,27,4,0,23,25,70,32,0,Matches
381,Ayoze Pérez\819aa8e7,es ESP,MFFW,Leicester City,28,1993,4.9,8,6,2,5,1,2,11,18.2,9,128,33,25.8,31,62,35,11,2,0,9,9,17,3,0,Matches
382,Sonny Perkins\87f12e30,eng ENG,FW,West Ham,17,2004,0.0,0,0,0,0,0,0,0,,0,1,1,100.0,0,1,0,0,0,0,0,0,0,0,0,Matches
383,Romain Perraud\6dfd8f05,fr FRA,DF,Southampton,23,1997,18.0,38,20,19,14,5,16,28,57.1,12,325,85,26.2,146,108,71,30,7,1,23,24,62,46,0,Matches
384,Kalvin Phillips\4f565d77,eng ENG,MF,Leeds United,25,1995,17.7,65,43,27,33,5,18,48,37.5,30,504,149,29.6,163,261,80,42,10,0,32,34,99,30,1,Matches
385,Jaden Philogene Bidace\19f4d211,eng ENG,FW,Aston Villa,19,2002,0.1,0,0,0,0,0,0,0,,0,2,0,0.0,1,1,0,0,0,0,0,0,0,0,0,Matches
386,Jordan Pickford\4806ec67,eng ENG,GK,Everton,27,1994,35.0,1,0,1,0,0,0,1,0.0,1,7,1,14.3,7,0,0,2,0,0,2,0,1,1,0,Matches
387,Erik Pieters\1ef37668,nl NED,DF,Burnley,32,1988,8.1,28,16,22,5,1,16,35,45.7,19,143,40,28.0,75,53,15,25,7,0,18,23,51,27,1,Matches
388,Ethan Pinnock\e541326e,jm JAM,DF,Brentford,28,1993,29.9,63,38,46,15,2,20,36,55.6,16,281,102,36.3,167,94,20,49,13,0,36,56,119,175,1,Matches
389,Daniel Podence\7fcc71d8,pt POR,FWMF,Wolves,25,1995,16.5,19,9,9,6,4,8,21,38.1,13,247,67,27.1,49,101,97,13,2,0,11,6,25,0,0,Matches
390,Paul Pogba\867239d3,fr FRA,MFFW,Manchester Utd,28,1993,15.0,20,13,9,9,2,5,19,26.3,14,264,76,28.8,61,127,76,16,1,0,15,19,39,25,0,Matches
391,Nick Pope\4b40d9ca,eng ENG,GK,Burnley,29,1992,36.0,0,0,0,0,0,0,2,0.0,2,1,1,100.0,1,0,0,0,0,0,0,0,0,4,2,Matches
392,Isaac Price\b9403c99,nir NIR,MF,Everton,17,2003,0.2,1,0,0,1,0,1,1,100.0,0,8,1,12.5,4,3,1,1,0,0,1,1,2,0,0,Matches
393,Teemu Pukki\0745b37d,fi FIN,FW,Norwich City,31,1990,36.1,24,11,1,14,9,3,16,18.8,13,702,175,24.9,40,289,373,21,2,0,19,17,41,4,0,Matches
394,Christian Pulisic\1bf33a9a,us USA,MFFW,Chelsea,22,1998,14.3,18,9,5,11,2,2,12,16.7,10,294,72,24.5,47,124,123,18,0,0,18,11,29,9,0,Matches
395,Przemysław Płacheta\3c33f9d9,pl POL,FWMF,Norwich City,23,1998,5.6,5,3,5,0,0,0,4,0.0,4,115,25,21.7,34,55,26,7,1,0,6,9,14,5,0,Matches
396,Jesuran Rak Sakyi\45685411,eng ENG,FWMF,Crystal Palace,18,2002,0.9,0,0,0,0,0,0,1,0.0,1,20,2,10.0,3,9,8,2,0,0,2,3,3,0,0,Matches
397,Aaron Ramsdale\466fb2c5,eng ENG,GK,Arsenal,23,1998,34.0,0,0,0,0,0,0,3,0.0,3,3,0,0.0,3,0,0,0,0,0,0,0,0,2,0,Matches
398,Jacob Ramsey\1544f145,eng ENG,MF,Aston Villa,20,2001,27.4,66,41,35,27,4,22,59,37.3,37,547,148,27.1,186,258,103,41,7,0,34,38,104,27,0,Matches
399,Marcus Rashford\a1d5bd30,eng ENG,FWMF,Manchester Utd,23,1997,13.7,8,6,2,5,1,3,17,17.6,14,254,76,29.9,41,115,98,11,1,0,10,12,20,6,1,Matches
400,Milot Rashica\6c6a3300,xk KVX,FWMF,Norwich City,25,1996,24.8,33,21,15,13,5,14,34,41.2,20,328,93,28.4,114,111,103,27,3,0,24,36,69,20,0,Matches
401,David Raya\98ea5115,es ESP,GK,Brentford,25,1995,24.0,0,0,0,0,0,0,1,0.0,1,1,0,0.0,1,0,0,1,0,0,1,0,0,0,1,Matches
402,Nathan Redmond\ab651565,eng ENG,MFFW,Southampton,27,1994,20.4,20,13,6,10,4,5,22,22.7,17,364,100,27.5,90,144,130,34,2,0,32,21,41,18,0,Matches
403,Sergio Reguilón\3353737a,es ESP,DF,Tottenham,24,1996,21.3,47,28,22,19,6,23,39,59.0,16,298,89,29.9,117,131,50,32,7,0,25,42,89,43,0,Matches
404,Declan Rice\1c7012b8,eng ENG,MF,West Ham,22,1999,35.3,77,53,44,29,4,28,60,46.7,32,476,154,32.4,215,224,37,60,25,1,35,95,172,53,1,Matches
405,Taylor Richards\e0243d23,eng ENG,MFFW,Brighton,20,2000,0.3,0,0,0,0,0,0,2,0.0,2,10,5,50.0,5,5,0,0,0,0,0,0,0,0,0,Matches
406,Richarlison\fa031b34,br BRA,FWMF,Everton,24,1997,28.0,40,27,14,14,12,13,25,52.0,12,590,144,24.4,89,237,264,48,5,0,43,21,61,32,0,Matches
407,Jaïro Riedewald\7a1f2c08,nl NED,MF,Crystal Palace,24,1996,1.3,2,2,0,1,1,2,4,50.0,2,11,3,27.3,7,2,2,4,0,0,4,0,2,2,0,Matches
408,Matt Ritchie\71ef519e,sct SCO,DF,Newcastle Utd,31,1989,14.9,22,7,11,8,3,13,30,43.3,17,153,47,30.7,76,55,22,28,2,0,26,30,52,26,0,Matches
409,Connor Roberts\24fae784,wls WAL,DF,Burnley,25,1995,18.8,21,13,11,7,3,8,16,50.0,8,157,46,29.3,72,62,23,49,8,0,41,42,63,55,1,Matches
410,Tyler Roberts\6c17e046,wls WAL,MFFW,Leeds United,22,1999,11.0,17,7,7,6,4,9,15,60.0,6,169,44,26.0,24,85,60,10,1,0,9,7,24,8,0,Matches
411,Andrew Robertson\2e4f5f03,sct SCO,DF,Liverpool,27,1994,28.2,33,17,14,14,5,14,34,41.2,20,284,86,30.3,85,115,84,43,4,1,39,49,82,58,0,Matches
412,Joe Rodon\8d62d31a,wls WAL,DF,Tottenham,23,1997,1.0,0,0,0,0,0,0,0,,0,7,3,42.9,5,2,0,3,2,0,1,2,2,8,0,Matches
413,Rodri\6434f10d,es ESP,MF,Manchester City,25,1996,32.0,65,46,20,36,9,29,61,47.5,32,481,171,35.6,130,254,97,48,6,1,42,40,105,54,0,Matches
414,Rodrigo\1fb1c435,es ESP,MFFW,Leeds United,30,1991,25.2,26,18,5,12,9,9,26,34.6,17,417,118,28.3,66,183,168,15,1,0,14,19,45,27,0,Matches
415,Jay Rodriguez\4ab53cdb,eng ENG,FW,Burnley,32,1989,15.4,22,10,9,8,5,3,15,20.0,12,330,70,21.2,74,114,142,25,3,0,22,6,28,12,0,Matches
416,Mads Roerslev\57c94db2,dk DEN,DF,Brentford,22,1999,13.8,26,9,23,1,2,16,35,45.7,19,173,43,24.9,114,40,19,31,6,0,25,21,47,30,0,Matches
417,Cristian Romero\a3d94a58,ar ARG,DF,Tottenham,23,1998,20.5,75,45,43,30,2,25,43,58.1,18,317,113,35.6,195,98,24,50,23,0,27,57,132,78,1,Matches
418,Oriol Romeu\4b511457,es ESP,MF,Southampton,29,1991,32.1,81,54,23,47,11,23,77,29.9,54,564,191,33.9,181,309,74,45,9,0,36,67,148,52,0,Matches
419,Cristiano Ronaldo\dea698d9,pt POR,FW,Manchester Utd,36,1985,27.3,10,8,2,5,3,4,7,57.1,3,182,49,26.9,23,77,82,12,2,0,10,5,15,31,1,Matches
420,Salomón Rondón\b318a643,ve VEN,FW,Everton,31,1989,8.8,6,2,0,3,3,3,10,30.0,7,172,50,29.1,17,75,80,6,1,0,5,4,10,11,0,Matches
421,Danny Rose\89d10e53,eng ENG,DF,Watford,31,1990,7.7,23,15,15,8,0,12,29,41.4,17,85,34,40.0,44,36,5,14,6,0,8,15,38,13,0,Matches
422,Jon Rowe\8c12f884,eng ENG,FWMF,Norwich City,18,2003,2.5,7,3,3,3,1,1,1,100.0,0,67,16,23.9,15,28,24,7,0,0,7,4,11,0,0,Matches
423,John Ruddy\da8b19e2,eng ENG,GK,Wolves,34,1986,1.5,0,0,0,0,0,0,0,,0,0,0,,0,0,0,0,0,0,0,0,0,0,0,Matches
424,Antonio Rüdiger\18b896d6,de GER,DF,Chelsea,28,1993,33.7,53,28,30,21,2,30,46,65.2,16,294,92,31.3,146,115,33,41,13,0,28,43,96,110,1,Matches
425,Lukas Rupp\3faa1780,de GER,MF,Norwich City,30,1991,8.5,10,8,5,5,0,4,14,28.6,10,172,53,30.8,75,73,24,8,1,0,7,17,27,4,1,Matches
426,José Sá\903b6e8b,pt POR,GK,Wolves,28,1993,36.5,1,0,1,0,0,1,3,33.3,2,10,3,30.0,10,0,0,1,0,0,1,0,1,3,3,Matches
427,Allan Saint-Maximin\2b16cb1a,fr FRA,FWMF,Newcastle Utd,24,1997,31.2,9,6,4,2,3,2,18,11.1,16,257,67,26.1,52,110,95,17,1,0,16,21,30,2,0,Matches
428,Romain Saïss\9fbbcf39,ma MAR,DF,Wolves,31,1990,30.1,60,38,40,17,3,18,32,56.3,14,283,103,36.4,162,101,20,61,24,0,37,81,141,173,1,Matches
429,Bukayo Saka\bc7dc64d,eng ENG,FWMF,Arsenal,19,2001,33.1,37,23,13,14,10,7,31,22.6,24,496,134,27.0,110,188,198,41,2,0,39,31,68,19,0,Matches
430,Mohamed Salah\e342ad68,eg EGY,FW,Liverpool,29,1992,30.7,17,7,5,7,5,4,21,19.0,17,448,127,28.3,67,127,254,13,1,0,12,15,32,4,0,Matches
431,Mohammed Salisu\0b33f6ad,gh GHA,DF,Southampton,22,1999,33.0,91,60,63,25,3,41,72,56.9,31,364,148,40.7,218,123,23,69,28,1,41,93,184,196,5,Matches
432,Albert Sambi Lokonga\1b4f1169,be BEL,MF,Arsenal,21,1999,12.6,22,13,9,10,3,9,15,60.0,6,138,47,34.1,45,64,29,18,8,0,10,23,45,18,2,Matches
433,Davinson Sánchez\da7b447d,co COL,DF,Tottenham,25,1996,18.1,45,22,24,17,4,16,27,59.3,11,186,66,35.5,89,80,17,35,19,0,16,34,79,76,0,Matches
434,Robert Sánchez\6a713852,es ESP,GK,Brighton,23,1997,37.0,0,0,0,0,0,0,0,,0,5,1,20.0,5,0,0,2,0,0,2,0,0,0,4,Matches
435,Jadon Sancho\dbf053da,eng ENG,FWMF,Manchester Utd,21,2000,21.1,18,13,8,8,2,7,23,30.4,16,276,68,24.6,65,128,83,28,2,0,26,24,42,5,2,Matches
436,Morgan Sanson\6e7f1353,fr FRA,MF,Aston Villa,26,1994,4.0,12,8,5,4,3,4,6,66.7,2,135,46,34.1,51,60,24,15,0,0,15,11,23,2,0,Matches
437,Samir Santos\92b4758e,br BRA,DF,Watford,26,1994,18.6,32,19,21,10,1,10,17,58.8,7,143,53,37.1,98,38,7,28,11,1,17,54,86,82,2,Matches
438,Josh Sargent\a8d4428b,us USA,FWMF,Norwich City,21,2000,17.5,34,17,16,8,10,13,32,40.6,19,361,100,27.7,97,143,121,43,2,0,41,21,55,18,2,Matches
439,Jeremy Sarmiento\ac0d576d,ec ECU,FWMF,Brighton,19,2002,0.5,3,1,1,1,1,1,2,50.0,1,26,7,26.9,8,13,5,3,1,0,2,1,4,0,0,Matches
440,Ismaila Sarr\bfdb33aa,sn SEN,FWMF,Watford,23,1998,20.7,14,7,4,7,3,2,14,14.3,12,398,91,22.9,86,174,138,21,1,0,20,16,30,13,0,Matches
441,Malang Sarr\4315f30d,fr FRA,DF,Chelsea,22,1999,6.1,13,4,10,2,1,3,7,42.9,4,68,23,33.8,40,22,6,9,3,0,6,12,25,26,0,Matches
442,Dane Scarlett\21945a9e,eng ENG,MF,Tottenham,17,2004,0.0,0,0,0,0,0,0,0,,0,2,0,0.0,2,0,0,0,0,0,0,0,0,0,0,Matches
443,Fabian Schär\c8aa95da,ch SUI,DF,Newcastle Utd,29,1991,24.0,20,11,14,4,2,11,16,68.8,5,151,47,31.1,82,52,17,37,19,2,18,75,95,121,2,Matches
444,Jeffrey Schlupp\3312f911,gh GHA,MFFW,Crystal Palace,28,1992,20.6,49,23,18,23,8,14,40,35.0,26,382,122,31.9,110,196,76,50,10,0,40,25,74,33,0,Matches
445,Kasper Schmeichel\53af52f3,dk DEN,GK,Leicester City,34,1986,37.0,0,0,0,0,0,0,2,0.0,2,2,0,0.0,2,0,0,0,0,0,0,0,0,1,2,Matches
446,Ken Sema\1770bd68,se SWE,MFFW,Watford,27,1993,9.5,12,8,10,2,0,5,20,25.0,15,194,43,22.2,71,96,27,15,1,0,14,9,21,18,0,Matches
447,Nélson Semedo\d04b94db,pt POR,DF,Wolves,27,1993,23.7,59,40,40,15,4,26,48,54.2,22,379,108,28.5,182,130,67,43,4,0,39,43,102,57,0,Matches
448,Ryan Sessegnon\6aa3e78b,eng ENG,DF,Tottenham,21,2000,11.6,27,14,13,9,5,12,26,46.2,14,230,57,24.8,100,74,56,30,3,0,27,19,46,22,0,Matches
449,Jamie Shackleton\8d03ca5a,eng ENG,DFMF,Leeds United,21,1999,7.9,26,18,17,7,2,9,21,42.9,12,115,39,33.9,52,49,14,16,7,1,9,10,36,9,2,Matches
450,Luke Shaw\9c94165b,eng ENG,DF,Manchester Utd,26,1995,17.8,22,13,9,10,3,12,24,50.0,12,190,55,28.9,83,72,35,40,11,0,29,15,37,22,0,Matches
451,Jonjo Shelvey\3727dd3c,eng ENG,MF,Newcastle Utd,29,1992,22.0,28,14,12,14,2,10,32,31.3,22,287,70,24.4,105,152,30,28,7,0,21,35,63,33,2,Matches
452,Shola Shoretire\00f0482f,eng ENG,FW,Manchester Utd,17,2004,0.2,0,0,0,0,0,0,0,,0,2,0,0.0,0,1,1,0,0,0,0,0,0,0,0,Matches
453,Francisco Sierralta\0f933743,cl CHI,DF,Watford,24,1997,4.7,6,4,6,0,0,5,8,62.5,3,24,10,41.7,18,6,0,9,2,0,7,14,20,40,0,Matches
454,Bernardo Silva\3eb22ec9,pt POR,MFFW,Manchester City,26,1994,31.7,52,33,21,20,11,26,67,38.8,41,480,143,29.8,87,220,173,33,3,0,30,32,84,26,0,Matches
455,Fábio Silva\e7aa9d7c,pt POR,FW,Wolves,19,2002,6.4,6,5,0,3,3,1,6,16.7,5,149,44,29.5,7,80,62,1,0,0,1,4,10,2,0,Matches
456,Thiago Silva\86e7deaf,br BRA,DF,Chelsea,36,1984,29.4,36,23,18,15,3,11,25,44.0,14,173,57,32.9,101,66,6,65,31,3,34,65,101,114,0,Matches
457,Ellis Simms\26d3b5be,eng ENG,FW,Everton,20,2001,0.7,0,0,0,0,0,0,0,,0,10,3,30.0,2,5,3,2,1,0,1,0,0,0,0,Matches
458,Moussa Sissoko\2acd49b9,fr FRA,MF,Watford,31,1989,35.8,59,40,34,22,3,19,35,54.3,16,505,160,31.7,177,250,78,53,12,0,41,44,103,72,0,Matches
459,Oliver Skipp\6250083a,eng ENG,MF,Tottenham,20,2000,15.0,33,18,14,16,3,12,28,42.9,16,275,71,25.8,109,131,35,25,9,0,16,19,52,14,0,Matches
460,William Smallbone\5e105217,ie IRL,MFFW,Southampton,21,2000,1.5,6,5,3,3,0,1,5,20.0,4,44,13,29.5,10,19,15,3,0,0,3,2,8,2,0,Matches
461,Emile Smith Rowe\17695062,eng ENG,MFFW,Arsenal,21,2000,21.3,20,16,7,13,0,4,15,26.7,11,256,78,30.5,54,125,77,15,1,0,14,20,40,13,0,Matches
462,Cédric Soares\839c14e1,pt POR,DF,Arsenal,29,1991,16.5,39,20,21,10,8,15,25,60.0,10,194,68,35.1,76,75,43,24,8,0,16,20,59,35,1,Matches
463,Tomáš Souček\6613c819,cz CZE,MF,West Ham,26,1995,34.0,68,41,31,29,8,25,68,36.8,43,483,129,26.7,201,220,62,49,15,0,34,55,123,119,1,Matches
464,Boubakary Soumaré\ae59b359,fr FRA,MF,Leicester City,22,1999,12.2,24,13,10,10,4,6,18,33.3,12,250,62,24.8,92,126,32,13,2,0,11,17,41,19,0,Matches
465,Çağlar Söyüncü\21166ff4,tr TUR,DF,Leicester City,25,1996,27.7,52,30,32,17,3,25,41,61.0,16,259,93,35.9,144,106,9,56,29,0,27,50,102,139,1,Matches
466,Tony Springett\35be8087,eng ENG,FWMF,Norwich City,18,2002,1.6,3,1,1,1,1,2,4,50.0,2,48,6,12.5,12,28,8,1,0,0,1,0,3,1,0,Matches
467,Jason Steele\28300a16,eng ENG,GK,Brighton,30,1990,1.0,0,0,0,0,0,0,0,,0,0,0,,0,0,0,0,0,0,0,0,0,0,0,Matches
468,Jed Steer\a8a3d139,eng ENG,GK,Aston Villa,28,1992,1.0,0,0,0,0,0,0,0,,0,0,0,,0,0,0,0,0,0,0,0,0,0,0,Matches
469,Zack Steffen\42130443,us USA,GK,Manchester City,26,1995,1.0,0,0,0,0,0,0,0,,0,0,0,,0,0,0,0,0,0,0,0,0,0,0,Matches
470,Dale Stephens\653ee42d,eng ENG,MF,Burnley,32,1989,1.4,7,2,2,4,1,1,5,20.0,4,41,14,34.1,7,29,5,4,1,0,3,2,9,1,0,Matches
471,Jack Stephens\6adbc307,eng ENG,DF,Southampton,27,1994,9.0,21,12,11,8,2,6,18,33.3,12,92,33,35.9,56,29,7,16,8,0,8,27,48,46,0,Matches
472,Raheem Sterling\b400bde0,eng ENG,FW,Manchester City,26,1994,23.6,28,18,2,13,13,6,21,28.6,15,317,93,29.3,38,147,132,15,0,0,15,15,43,3,0,Matches
473,Finley Stevens\7e003182,wls WAL,DF,Brentford,18,2003,0.2,2,0,0,2,0,1,1,100.0,0,5,1,20.0,0,4,1,0,0,0,0,0,2,0,0,Matches
474,John Stones\5eecec3d,eng ENG,DF,Manchester City,27,1994,12.4,5,4,3,2,0,2,4,50.0,2,58,22,37.9,23,29,6,9,3,0,6,17,22,41,1,Matches
475,Pascal Struijk\f4d296e4,nl NED,DF,Leeds United,21,1999,22.8,68,35,42,22,4,28,50,56.0,22,387,140,36.2,202,158,27,57,27,0,30,63,131,82,3,Matches
476,Crysencio Summerville\df04eb4b,nl NED,MFFW,Leeds United,19,2001,1.4,6,4,2,1,3,3,3,100.0,0,22,9,40.9,5,7,10,2,0,0,2,5,11,0,0,Matches
477,Jakob Sørensen\953c30b0,dk DEN,MFDF,Norwich City,23,1998,6.7,25,16,9,15,1,7,15,46.7,8,125,46,36.8,51,64,10,12,4,0,8,15,40,15,0,Matches
478,Japhet Tanganga\e9971f2d,eng ENG,DF,Tottenham,22,1999,8.2,21,12,10,6,5,8,13,61.5,5,110,36,32.7,52,45,13,16,7,0,9,17,38,30,0,Matches
479,Matt Targett\e514ab62,eng ENG,DF,Aston Villa,25,1995,15.9,31,15,26,5,0,13,35,37.1,22,191,44,23.0,107,62,22,44,10,0,34,35,66,25,0,Matches
480,Matt Targett\e514ab62,eng ENG,DF,Newcastle Utd,25,1995,16.0,40,23,25,13,2,20,35,57.1,15,175,56,32.0,99,45,31,18,4,1,14,35,75,43,1,Matches
481,James Tarkowski\15ea812b,eng ENG,DF,Burnley,28,1992,34.5,71,42,52,18,1,32,57,56.1,25,261,94,36.0,176,73,12,92,63,3,29,72,143,216,5,Matches
482,Nuno Tavares\a65c844b,pt POR,DF,Arsenal,21,2000,13.1,20,12,9,7,4,5,10,50.0,5,155,47,30.3,64,55,36,21,5,0,16,24,44,30,1,Matches
483,Charlie Taylor\cc2d7ad5,eng ENG,DF,Burnley,27,1993,30.3,54,24,33,18,3,28,48,58.3,20,243,62,25.5,130,85,28,95,20,0,75,72,126,84,1,Matches
484,Nathan Tella\f1e94cd6,eng ENG,MFFW,Southampton,22,1999,8.9,12,5,5,5,2,4,18,22.2,14,269,68,25.3,62,115,92,18,0,0,18,19,31,7,0,Matches
485,Alex Telles\e73c9bb2,br BRA,DF,Manchester Utd,28,1992,18.4,48,27,37,10,1,19,35,54.3,16,196,60,30.6,106,67,23,29,5,0,24,36,84,53,2,Matches
486,Luke Thomas\fc027d02,eng ENG,DF,Leicester City,20,2001,21.2,48,29,33,10,5,20,52,38.5,32,381,105,27.6,200,136,45,57,15,1,42,40,88,48,1,Matches
487,Dominic Thompson\235a62f8,eng ENG,DF,Brentford,21,2000,1.6,3,1,3,0,0,2,3,66.7,1,16,3,18.8,9,5,2,2,2,0,0,3,6,4,0,Matches
488,Youri Tielemans\56f7a928,be BEL,MF,Leicester City,24,1997,29.2,67,49,24,37,6,30,94,31.9,64,489,146,29.9,164,251,74,47,13,1,34,41,108,42,2,Matches
489,Kieran Tierney\fce2302c,sct SCO,DF,Arsenal,24,1997,21.3,21,12,11,7,3,10,14,71.4,4,162,49,30.2,60,58,44,35,7,0,28,31,52,46,0,Matches
490,Takehiro Tomiyasu\b3af9be1,jp JPN,DF,Arsenal,22,1998,18.7,38,17,19,12,7,16,30,53.3,14,221,70,31.7,90,97,34,37,3,0,34,36,74,48,1,Matches
491,James Tomkins\e7ca0439,eng ENG,DF,Crystal Palace,32,1989,6.1,12,6,7,5,0,5,7,71.4,2,49,20,40.8,33,16,0,13,8,0,5,10,22,14,0,Matches
492,Ivan Toney\e09f279b,eng ENG,FW,Brentford,25,1996,32.3,31,20,5,16,10,6,26,23.1,20,457,112,24.5,53,192,212,31,3,1,28,21,52,43,1,Matches
493,Ferrán Torres\9e1035f8,es ESP,FW,Manchester City,21,2000,3.4,1,1,0,1,0,0,1,0.0,1,38,13,34.2,3,8,27,6,1,0,5,1,2,0,0,Matches
494,Cenk Tosun\9a104dee,tr TUR,FW,Everton,30,1991,0.1,0,0,0,0,0,0,0,,0,1,0,0.0,0,0,1,0,0,0,0,0,0,0,0,Matches
495,Andros Townsend\b28bbd58,eng ENG,MF,Everton,30,1991,16.2,29,15,15,9,5,8,35,22.9,27,302,98,32.5,85,128,89,44,3,0,41,21,50,6,0,Matches
496,Adama Traoré\9a28eba4,es ESP,FW,Wolves,25,1996,11.9,12,9,7,2,3,2,9,22.2,7,140,42,30.0,37,68,35,8,1,0,7,4,16,2,0,Matches
497,Bertrand Traoré\c47541e0,bf BFA,MFFW,Aston Villa,25,1995,2.4,2,0,0,0,2,1,3,33.3,2,27,5,18.5,4,5,18,0,0,0,0,0,2,1,0,Matches
498,Trézéguet\3ae14ed1,eg EGY,FW,Aston Villa,26,1994,0.1,0,0,0,0,0,0,0,,0,0,0,,0,0,0,0,0,0,0,0,0,0,0,Matches
499,Francisco Trincão\77e39b04,pt POR,FWMF,Wolves,21,1999,14.8,29,15,9,13,7,6,14,42.9,8,338,94,27.8,74,169,95,21,1,0,20,15,44,1,0,Matches
500,Kieran Trippier\21512407,eng ENG,DF,Newcastle Utd,30,1990,4.8,21,13,11,8,2,10,16,62.5,6,60,18,30.0,21,31,8,12,3,0,9,11,32,18,0,Matches
501,William Troost-Ekong\7ed4921e,ng NGA,DF,Watford,27,1993,15.4,17,10,10,7,0,6,11,54.5,5,106,38,35.8,62,41,3,29,14,1,15,23,40,88,1,Matches
502,Leandro Trossard\38ceb24a,be BEL,FWMF,Brighton,26,1994,31.2,37,24,8,13,16,6,32,18.8,26,478,156,32.6,86,178,214,42,4,0,38,29,66,8,0,Matches
503,Kostas Tsimikas\f315ca93,gr GRE,DF,Liverpool,25,1996,9.7,20,10,9,6,5,6,16,37.5,10,137,47,34.3,53,45,39,15,2,0,13,14,34,22,0,Matches
504,Axel Tuanzebe\2baec6ce,eng ENG,DF,Aston Villa,23,1997,5.6,8,6,6,2,0,2,5,40.0,3,47,13,27.7,23,20,4,5,4,0,1,9,17,13,1,Matches
505,Ozan Tufan\17d45fb2,tr TUR,MF,Watford,26,1995,3.7,4,2,1,2,1,1,4,25.0,3,77,9,11.7,23,39,15,5,0,0,5,2,6,4,0,Matches
506,Christos Tzolis\9f333379,gr GRE,FWMF,Norwich City,19,2002,3.7,6,2,3,3,0,3,10,30.0,7,69,14,20.3,26,20,23,4,0,0,4,2,8,2,0,Matches
507,Yan Valery\531a4aa8,fr FRA,DF,Southampton,22,1999,4.1,10,7,5,4,1,5,11,45.5,6,50,20,40.0,22,24,4,10,3,0,7,12,22,21,1,Matches
508,Raphaël Varane\9f8e9423,fr FRA,DF,Manchester Utd,28,1993,20.3,27,16,17,7,3,10,22,45.5,12,164,58,35.4,112,47,5,32,14,0,18,35,62,95,1,Matches
509,Jamie Vardy\45963054,eng ENG,FW,Leicester City,34,1987,20.1,7,4,0,4,3,1,6,16.7,5,275,67,24.4,13,117,145,10,1,0,9,7,14,16,0,Matches
510,Joël Veltman\dad4b285,nl NED,DF,Brighton,29,1992,31.9,90,40,55,29,6,31,64,48.4,33,350,109,31.1,177,137,36,65,16,0,49,67,157,97,1,Matches
511,Jannik Vestergaard\1900032e,dk DEN,DF,Leicester City,28,1992,6.3,16,11,13,3,0,6,15,40.0,9,60,22,36.7,45,15,0,15,10,0,5,15,31,41,1,Matches
512,Nikola Vlašić\aa8e289e,hr CRO,FWMF,West Ham,23,1997,6.2,13,11,3,8,2,4,20,20.0,16,150,35,23.3,41,65,44,6,0,0,6,10,23,2,0,Matches
513,Matěj Vydra\0d4ceb32,cz CZE,FW,Burnley,29,1992,7.5,12,8,3,3,6,3,5,60.0,2,159,40,25.2,17,62,80,5,1,0,4,3,15,9,0,Matches
514,Theo Walcott\1ecb65be,eng ENG,MFFW,Southampton,32,1989,4.2,5,3,2,1,2,3,5,60.0,2,79,17,21.5,20,35,24,5,0,0,5,7,12,2,0,Matches
515,Kyle Walker\86dd77d1,eng ENG,DF,Manchester City,31,1990,19.5,23,16,11,10,2,11,22,50.0,11,164,56,34.1,53,88,23,20,4,0,16,25,48,24,0,Matches
516,Kyle Walker-Peters\984a5a64,eng ENG,DF,Southampton,24,1997,29.3,63,27,28,26,9,20,36,55.6,16,367,111,30.2,140,148,79,53,9,0,44,56,119,44,1,Matches
517,Aaron Wan-Bissaka\9e525177,eng ENG,DF,Manchester Utd,23,1997,19.9,46,25,26,13,7,7,18,38.9,11,225,64,28.4,106,78,41,56,15,1,41,51,97,48,0,Matches
518,Danny Ward\d3ce0e89,wls WAL,GK,Leicester City,28,1993,1.0,0,0,0,0,0,0,0,,0,0,0,,0,0,0,0,0,0,0,0,0,0,0,Matches
519,Joel Ward\8a7ff278,eng ENG,DF,Crystal Palace,31,1989,27.6,48,28,30,17,1,24,51,47.1,27,284,84,29.6,151,96,37,53,12,0,41,54,102,104,1,Matches
520,James Ward-Prowse\3515d404,eng ENG,MF,Southampton,26,1994,35.7,47,26,16,24,7,13,65,20.0,52,551,169,30.7,171,297,83,65,15,1,50,60,107,44,1,Matches
521,Ollie Watkins\aed3a70f,eng ENG,FW,Aston Villa,25,1995,32.8,17,14,2,7,8,2,10,20.0,8,578,141,24.4,38,256,284,42,4,0,38,17,34,26,0,Matches
522,Adam Webster\c40b6180,eng ENG,DF,Brighton,26,1995,15.9,23,13,15,6,2,12,22,54.5,10,118,45,38.1,69,41,8,36,19,0,17,25,48,81,2,Matches
523,Wout Weghorst\c4e87b8b,nl NED,FW,Burnley,28,1992,16.1,17,12,4,9,4,6,20,30.0,14,518,133,25.7,81,225,212,30,5,0,25,8,25,12,0,Matches
524,Danny Welbeck\ce5143da,eng ENG,FW,Brighton,30,1990,16.4,14,12,1,10,3,2,11,18.2,9,262,90,34.4,29,94,139,20,5,0,15,5,19,17,0,Matches
525,Timo Werner\49fe9070,de GER,FWMF,Chelsea,25,1996,14.3,7,4,0,3,4,0,17,0.0,17,248,64,25.8,35,86,127,11,1,0,10,4,11,3,0,Matches
526,Ashley Westwood\495945ef,eng ENG,MF,Burnley,31,1990,25.4,30,23,7,20,3,13,29,44.8,16,434,92,21.2,126,247,61,19,9,0,10,43,73,20,0,Matches
527,Ben White\35e413f1,eng ENG,DF,Arsenal,23,1997,32.0,42,23,27,11,4,19,43,44.2,24,252,82,32.5,134,95,23,54,26,0,28,66,108,114,0,Matches
528,Brandon Williams\5e74d6c8,eng ENG,DF,Norwich City,20,2000,23.6,56,29,36,17,3,24,57,42.1,33,317,81,25.6,156,120,41,51,7,0,44,61,117,47,0,Matches
529,Neco Williams\dd323728,wls WAL,DF,Liverpool,20,2001,0.1,0,0,0,0,0,0,0,,0,1,0,0.0,1,0,0,0,0,0,0,0,0,0,0,Matches
530,Joe Willock\a3b03921,eng ENG,MF,Newcastle Utd,21,1999,22.6,69,44,31,30,8,22,62,35.5,40,535,118,22.1,168,252,115,38,8,0,30,30,99,16,0,Matches
531,Callum Wilson\c596fcb0,eng ENG,FW,Newcastle Utd,29,1992,15.4,8,6,1,3,4,1,4,25.0,3,190,43,22.6,24,74,92,9,4,0,5,4,12,12,1,Matches
532,Harry Winks\2f7acede,eng ENG,MF,Tottenham,25,1996,10.1,17,7,5,8,4,8,16,50.0,8,145,32,22.1,51,71,23,18,4,0,14,19,36,8,0,Matches
533,Yoane Wissa\2500cef9,cd COD,FWMF,Brentford,24,1996,14.3,14,8,5,5,4,0,15,0.0,15,190,54,28.4,36,64,90,16,5,0,11,9,23,8,0,Matches
534,Chris Wood\4e9a0555,nz NZL,FW,Burnley,29,1991,15.2,11,8,2,5,4,4,8,50.0,4,198,60,30.3,8,81,109,16,7,0,9,4,15,6,0,Matches
535,Chris Wood\4e9a0555,nz NZL,FW,Newcastle Utd,29,1991,14.7,4,3,1,3,0,1,2,50.0,1,248,67,27.0,15,116,117,8,3,0,5,2,6,8,0,Matches
536,Freddie Woodman\19e50035,eng ENG,GK,Newcastle Utd,24,1997,4.0,0,0,0,0,0,0,0,,0,1,0,0.0,1,0,0,0,0,0,0,0,0,0,0,Matches
537,Granit Xhaka\e61b8aee,ch SUI,MFDF,Arsenal,28,1992,25.9,39,24,19,14,6,13,36,36.1,23,300,84,28.0,101,121,78,36,8,0,28,31,70,28,0,Matches
538,Andriy Yarmolenko\849c826a,ua UKR,FW,West Ham,31,1989,3.5,3,0,1,2,0,3,7,42.9,4,60,12,20.0,19,19,22,5,2,0,3,1,4,1,0,Matches
539,Ashley Young\be927d03,eng ENG,DFFW,Aston Villa,36,1985,13.9,28,15,15,9,4,11,14,78.6,3,145,35,24.1,59,56,30,12,4,0,8,22,50,24,0,Matches
540,Nathan Young-Coombes\f9682888,eng ENG,FW,Brentford,18,2003,0.0,0,0,0,0,0,0,0,,0,2,0,0.0,1,1,0,0,0,0,0,0,0,0,0,Matches
541,Wilfried Zaha\b2bc3b1f,ci CIV,FW,Crystal Palace,28,1992,30.7,48,35,15,22,11,9,28,32.1,19,617,172,27.9,137,304,176,27,0,0,27,24,72,4,0,Matches
542,Christoph Zimmermann\2d5f03bf,de GER,DF,Norwich City,28,1993,1.7,5,3,3,2,0,2,4,50.0,2,24,9,37.5,13,8,3,0,0,0,0,3,8,3,0,Matches
543,Oleksandr Zinchenko\51cf8561,ua UKR,DF,Manchester City,24,1996,11.6,20,11,7,10,3,4,13,30.8,9,94,31,33.0,25,47,22,18,3,0,15,18,38,13,1,Matches
544,Hakim Ziyech\6622454d,ma MAR,FWMF,Chelsea,28,1993,14.7,20,11,5,11,4,4,25,16.0,21,266,78,29.3,53,118,95,18,1,0,17,20,40,9,0,Matches
545,Kurt Zouma\ce4246f5,fr FRA,DF,West Ham,26,1994,23.1,11,5,9,2,0,4,8,50.0,4,107,35,32.7,58,36,13,38,27,0,11,47,58,140,0,Matches
546,Martin Ødegaard\79300479,no NOR,MF,Arsenal,22,1998,30.9,43,25,5,19,19,12,39,30.8,27,574,154,26.8,107,262,205,18,1,0,17,22,65,12,1,Matches