 Rk,Player,Nation,Pos,Squad,Age,Born,90s,SCA,SCA90,SCAPassLive,SCAPassDead,SCADrib,SCASh,SCAFld,SCADef,GCA,GCA90,GCAPassLive,GCAPassDead,GCADrib,GCASh,GCAFld,GCADef,Matches
1,Max Aarons\774cf58b,eng ENG,DF,Norwich City,21,2000,32.0,38,1.19,27,2,3,4,2,0,5,0.16,5,0,0,0,0,0,Matches
2,Che Adams\f2bf1b0f,sct SCO,FW,Southampton,25,1996,22.7,51,2.25,34,0,1,4,11,1,4,0.18,3,0,0,0,0,1,Matches
3,Rayan Aït Nouri\9b398aea,fr FRA,DF,Wolves,20,2001,20.3,44,2.17,26,10,4,0,2,2,6,0.30,4,1,0,0,1,0,Matches
4,Kristoffer Ajer\a8c0acb7,no NOR,DF,Brentford,23,1998,22.2,28,1.26,20,4,1,1,1,1,6,0.27,3,1,1,0,1,0,Matches
5,Nathan Aké\eaeca114,nl NED,DF,Manchester City,26,1995,10.3,3,0.29,3,0,0,0,0,0,0,0.00,0,0,0,0,0,0,Matches
6,Marc Albrighton\b827d5b3,eng ENG,FWDF,Leicester City,31,1989,12.6,19,1.51,14,3,0,0,2,0,2,0.16,2,0,0,0,0,0,Matches
7,Thiago Alcántara\77e84962,es ESP,MF,Liverpool,30,1991,17.0,61,3.58,52,0,1,5,0,3,6,0.35,6,0,0,0,0,0,Matches
8,Trent Alexander-Arnold\cd1acf9d,eng ENG,DF,Liverpool,22,1998,31.7,150,4.73,87,52,5,5,1,0,17,0.54,11,5,0,1,0,0,Matches
9,Alisson\7a2e46a8,br BRA,GK,Liverpool,28,1992,36.0,3,0.08,3,0,0,0,0,0,1,0.03,1,0,0,0,0,0,Matches
10,Allan\cc700722,br BRA,MF,Everton,30,1991,24.3,32,1.32,31,0,0,0,1,0,6,0.25,5,0,0,0,1,0,Matches
11,Dele Alli\cea4ee8f,eng ENG,MFFW,Tottenham,25,1996,7.3,8,1.10,5,0,0,0,3,0,1,0.14,0,0,0,0,1,0,Matches
12,Dele Alli\cea4ee8f,eng ENG,MF,Everton,25,1996,3.8,10,2.66,9,1,0,0,0,0,1,0.27,1,0,0,0,0,0,Matches
13,Miguel Almirón\862a1c15,py PAR,MFFW,Newcastle Utd,27,1994,19.1,45,2.36,31,0,3,8,2,1,5,0.26,4,0,1,0,0,0,Matches
14,Marcos Alonso\f4290206,es ESP,DF,Chelsea,30,1990,24.1,89,3.70,61,15,4,5,2,2,9,0.37,7,1,0,1,0,0,Matches
15,Steven Alzate\ad1f61f3,co COL,MF,Brighton,22,1998,4.5,7,1.56,7,0,0,0,0,0,1,0.22,1,0,0,0,0,0,Matches
16,Daniel Amartey\1a4ef233,gh GHA,DF,Leicester City,26,1994,23.6,17,0.72,16,0,0,0,0,1,1,0.04,1,0,0,0,0,0,Matches
17,Joachim Andersen\e34fc66d,dk DEN,DF,Crystal Palace,25,1996,32.4,33,1.02,29,1,0,1,0,2,5,0.15,4,0,0,1,0,0,Matches
18,Michail Antonio\ac05f970,jm JAM,FW,West Ham,31,1990,33.0,102,3.09,65,0,13,10,8,6,17,0.51,9,0,1,4,2,1,Matches
19,Cameron Archer\05e8ca6d,eng ENG,MFFW,Aston Villa,19,2001,0.3,0,0.00,0,0,0,0,0,0,0,0.00,0,0,0,0,0,0,Matches
20,Alphonse Areola\2f965a72,fr FRA,GK,West Ham,28,1993,1.0,0,0.00,0,0,0,0,0,0,0,0.00,0,0,0,0,0,0,Matches
21,Adam Armstrong\68c720b5,eng ENG,FW,Southampton,24,1997,15.7,29,1.85,17,0,4,4,4,0,3,0.19,2,0,0,0,1,0,Matches
22,Stuart Armstrong\97333cf5,sct SCO,MF,Southampton,29,1992,16.4,51,3.12,40,2,2,2,4,1,2,0.12,1,0,0,0,1,0,Matches
23,Kepa Arrizabalaga\28d596a0,es ESP,GK,Chelsea,26,1994,4.0,0,0.00,0,0,0,0,0,0,0,0.00,0,0,0,0,0,0,Matches
24,Harrison Ashby\b391383a,sct SCO,DF,West Ham,19,2001,0.1,0,0.00,0,0,0,0,0,0,0,0.00,0,0,0,0,0,0,Matches
25,Pierre-Emerick Aubameyang\d5dd5f1f,ga GAB,FW,Arsenal,32,1989,11.5,23,2.00,14,0,1,5,3,0,3,0.26,2,0,0,1,0,0,Matches
26,Jordan Ayew\da052c14,gh GHA,FW,Crystal Palace,29,1991,22.4,47,2.10,31,1,1,3,8,3,6,0.27,4,0,0,0,1,1,Matches
27,Luke Ayling\420d7c7d,eng ENG,DF,Leeds United,29,1991,25.2,22,0.87,16,0,0,6,0,0,3,0.12,0,0,0,3,0,0,Matches
28,César Azpilicueta\53cad200,es ESP,DF,Chelsea,31,1989,23.0,44,1.91,41,0,2,1,0,0,8,0.35,6,0,1,1,0,0,Matches
29,Daniel Bachmann\1c0eea98,at AUT,GK,Watford,27,1994,12.0,0,0.00,0,0,0,0,0,0,0,0.00,0,0,0,0,0,0,Matches
30,Leon Bailey\3a233281,jm JAM,FWMF,Aston Villa,23,1997,8.5,21,2.48,15,1,2,1,2,0,3,0.35,2,0,1,0,0,0,Matches
31,Eric Bailly\a1232f4e,ci CIV,DF,Manchester Utd,27,1994,2.4,1,0.41,1,0,0,0,0,0,0,0.00,0,0,0,0,0,0,Matches
32,Folarin Balogun\31822f8c,eng ENG,FW,Arsenal,20,2001,0.8,0,0.00,0,0,0,0,0,0,0,0.00,0,0,0,0,0,0,Matches
33,Patrick Bamford\93feac6e,eng ENG,FW,Leeds United,27,1993,6.2,12,1.93,9,0,1,0,1,1,3,0.48,2,0,1,0,0,0,Matches
34,Shandon Baptiste\2886c9b5,gd GRN,MF,Brentford,23,1998,10.1,17,1.68,13,0,1,1,0,2,2,0.20,1,0,0,0,0,1,Matches
35,Ross Barkley\3a24769f,eng ENG,MF,Chelsea,27,1993,2.0,18,9.05,12,3,2,0,1,0,3,1.51,3,0,0,0,0,0,Matches
36,Ashley Barnes\2691c772,eng ENG,FW,Burnley,31,1989,9.0,21,2.34,15,0,0,2,3,1,1,0.11,1,0,0,0,0,0,Matches
37,Harvey Barnes\3ea50f67,eng ENG,FWMF,Leicester City,23,1997,23.3,57,2.44,45,0,8,2,2,0,13,0.56,11,0,0,2,0,0,Matches
38,Lewis Bate\cd4256d3,eng ENG,MF,Leeds United,18,2002,1.6,2,1.23,1,0,0,1,0,0,0,0.00,0,0,0,0,0,0,Matches
39,Mads Bech Sørensen\30db8574,dk DEN,DF,Brentford,22,1999,9.3,9,0.97,4,5,0,0,0,0,0,0.00,0,0,0,0,0,0,Matches
40,Jan Bednarek\4115ce4e,pl POL,DF,Southampton,25,1996,29.2,19,0.65,16,2,0,0,0,1,0,0.00,0,0,0,0,0,0,Matches
41,Donny van de Beek\50dc94ce,nl NED,MF,Manchester Utd,24,1997,0.8,5,6.00,4,0,1,0,0,0,0,0.00,0,0,0,0,0,0,Matches
42,Donny van de Beek\50dc94ce,nl NED,MF,Everton,24,1997,5.4,5,0.93,5,0,0,0,0,0,0,0.00,0,0,0,0,0,0,Matches
43,Asmir Begović\7b4de647,ba BIH,GK,Everton,34,1987,3.0,0,0.00,0,0,0,0,0,0,0,0.00,0,0,0,0,0,0,Matches
44,Saïd Benrahma\5a04fd92,dz ALG,FWMF,West Ham,25,1995,24.1,69,2.86,53,0,6,5,4,1,8,0.33,7,0,0,1,0,0,Matches
45,Rodrigo Bentancur\3b8674e6,uy URU,MF,Tottenham,24,1997,15.1,35,2.31,33,0,0,2,0,0,7,0.46,6,0,0,1,0,0,Matches
46,Christian Benteke\ab070c55,be BEL,FW,Crystal Palace,30,1990,12.7,20,1.57,17,0,1,1,1,0,1,0.08,1,0,0,0,0,0,Matches
47,Jóhann Berg Guðmundsson\f72293fc,is ISL,MF,Burnley,30,1990,12.2,19,1.55,14,0,1,1,2,1,2,0.16,2,0,0,0,0,0,Matches
48,Steven Bergwijn\a29b1131,nl NED,FWMF,Tottenham,23,1997,6.3,20,3.19,15,1,2,1,1,0,3,0.48,1,0,1,0,1,0,Matches
49,Ryan Bertrand\01226327,eng ENG,DF,Leicester City,31,1989,3.7,2,0.53,1,1,0,0,0,0,0,0.00,0,0,0,0,0,0,Matches
50,Mads Bidstrup\407db0d5,dk DEN,MF,Brentford,20,2001,0.5,0,0.00,0,0,0,0,0,0,0,0.00,0,0,0,0,0,0,Matches
51,Yves Bissouma\6c203af0,ml MLI,MF,Brighton,24,1996,23.5,24,1.02,16,0,4,1,2,1,4,0.17,3,0,0,0,1,0,Matches
52,Willy Boly\a4ac4b8f,ci CIV,DF,Wolves,30,1991,10.0,2,0.20,1,0,0,0,0,1,0,0.00,0,0,0,0,0,0,Matches
53,Jarrod Bowen\79c84d1c,eng ENG,FW,West Ham,24,1996,33.1,95,2.87,53,19,8,8,4,3,21,0.63,10,4,3,1,3,0,Matches
54,Jarrad Branthwaite\c1949191,eng ENG,DF,Everton,19,2002,4.3,0,0.00,0,0,0,0,0,0,0,0.00,0,0,0,0,0,0,Matches
55,Armando Broja\97220da2,al ALB,FW,Southampton,19,2001,21.9,37,1.69,17,0,6,5,5,4,3,0.14,0,0,1,0,2,0,Matches
56,Josh Brownhill\47369df8,eng ENG,MF,Burnley,25,1995,32.8,66,2.01,41,19,2,1,1,2,4,0.12,1,2,1,0,0,0,Matches
57,Lewis Brunt\a2081c6b,eng ENG,MF,Leicester City,20,2000,0.3,0,0.00,0,0,0,0,0,0,0,0.00,0,0,0,0,0,0,Matches
58,Bryan\7b5ab7f2,es ESP,FWMF,Tottenham,20,2001,1.0,5,4.79,4,0,0,1,0,0,1,0.96,1,0,0,0,0,0,Matches
59,Emi Buendía\66b76d44,ar ARG,FWMF,Aston Villa,24,1996,21.1,74,3.51,61,3,3,2,5,0,10,0.47,7,0,2,1,0,0,Matches
60,Dan Burn\b2d31e83,eng ENG,DF,Newcastle Utd,29,1992,16.0,4,0.25,3,1,0,0,0,0,1,0.06,1,0,0,0,0,0,Matches
61,Dan Burn\b2d31e83,eng ENG,DF,Brighton,29,1992,11.4,5,0.44,4,0,0,1,0,0,0,0.00,0,0,0,0,0,0,Matches
62,Jack Butland\cc70a1d5,eng ENG,GK,Crystal Palace,28,1993,8.5,0,0.00,0,0,0,0,0,0,0,0.00,0,0,0,0,0,0,Matches
63,Sam Byram\1bf811d4,eng ENG,DF,Norwich City,27,1993,11.4,11,0.96,8,0,1,1,0,1,2,0.18,1,0,0,0,0,1,Matches
64,Willy Caballero\a179d516,ar ARG,GK,Southampton,39,1981,2.0,0,0.00,0,0,0,0,0,0,0,0.00,0,0,0,0,0,0,Matches
65,Moisés Caicedo\16264a81,ec ECU,MF,Brighton,19,2001,7.3,10,1.36,8,0,1,1,0,0,2,0.27,2,0,0,0,0,0,Matches
66,Dominic Calvert-Lewin\59e6e5bf,eng ENG,FW,Everton,24,1997,14.3,30,2.10,21,1,2,1,4,1,4,0.28,3,0,0,0,1,0,Matches
67,Chem Campbell\6f711f67,wls WAL,MF,Wolves,18,2002,0.1,0,0.00,0,0,0,0,0,0,0,0.00,0,0,0,0,0,0,Matches
68,João Cancelo\bd6351cd,pt POR,DF,Manchester City,27,1994,35.9,103,2.87,82,0,7,12,1,1,16,0.45,11,0,1,3,0,1,Matches
69,Sergi Canós\1137759d,es ESP,DF,Brentford,24,1997,23.1,35,1.51,28,2,2,2,1,0,5,0.22,4,0,0,1,0,0,Matches
70,Todd Cantwell\f63d8a4b,eng ENG,FWMF,Norwich City,23,1998,4.9,5,1.02,5,0,0,0,0,0,0,0.00,0,0,0,0,0,0,Matches
71,Matty Cash\2389cdc2,pl POL,DF,Aston Villa,23,1997,37.5,54,1.44,37,4,4,2,6,1,7,0.19,4,2,1,0,0,0,Matches
72,Timothy Castagne\197640fd,be BEL,DF,Leicester City,25,1995,23.6,25,1.06,21,3,0,0,1,0,1,0.04,0,0,0,0,1,0,Matches
73,Jonny Castro\e28868f3,es ESP,DF,Wolves,27,1994,11.4,18,1.58,16,0,0,0,1,1,0,0.00,0,0,0,0,0,0,Matches
74,Craig Cathcart\89e4b358,nir NIR,DF,Watford,32,1989,26.6,5,0.19,5,0,0,0,0,0,0,0.00,0,0,0,0,0,0,Matches
75,Edinson Cavani\527f063d,uy URU,FW,Manchester Utd,34,1987,8.5,11,1.29,8,0,0,2,1,0,2,0.23,1,0,0,1,0,0,Matches
76,Kayky Chagas\17734ea0,br BRA,FW,Manchester City,18,2003,0.1,0,0.00,0,0,0,0,0,0,0,0.00,0,0,0,0,0,0,Matches
77,Trevoh Chalobah\5515376c,eng ENG,DF,Chelsea,22,1999,16.1,7,0.43,7,0,0,0,0,0,1,0.06,1,0,0,0,0,0,Matches
78,Calum Chambers\dc6f5bdd,eng ENG,DF,Arsenal,26,1995,1.9,1,0.53,1,0,0,0,0,0,0,0.00,0,0,0,0,0,0,Matches
79,Calum Chambers\dc6f5bdd,eng ENG,DF,Aston Villa,26,1995,9.2,13,1.41,12,0,0,1,0,0,1,0.11,1,0,0,0,0,0,Matches
80,Daniel Chesters\240c8ab6,eng ENG,MF,West Ham,19,2002,0.0,0,0.00,0,0,0,0,0,0,0,0.00,0,0,0,0,0,0,Matches
81,Ben Chilwell\d2424d1b,eng ENG,DF,Chelsea,24,1996,6.0,21,3.49,11,7,1,1,0,1,1,0.17,0,1,0,0,0,0,Matches
82,Chiquinho\dc6c2f02,pt POR,DFMF,Wolves,21,2000,2.3,10,4.33,7,1,1,0,1,0,3,1.30,3,0,0,0,0,0,Matches
83,Hamza Choudhury\7d2d3329,eng ENG,DFMF,Leicester City,23,1997,3.2,1,0.32,0,0,0,0,1,0,0,0.00,0,0,0,0,0,0,Matches
84,Andreas Christensen\1cb49278,dk DEN,DF,Chelsea,25,1996,16.6,8,0.48,7,0,1,0,0,0,0,0.00,0,0,0,0,0,0,Matches
85,Carney Chukwuemeka\b2f9c73e,eng ENG,MFFW,Aston Villa,17,2004,3.3,4,1.20,4,0,0,0,0,0,1,0.30,1,0,0,0,0,0,Matches
86,Ciaran Clark\2b91cf8e,ie IRL,DF,Newcastle Utd,31,1989,11.3,5,0.44,4,0,0,1,0,0,1,0.09,1,0,0,0,0,0,Matches
87,Tom Cleverley\6cdd8245,eng ENG,MF,Watford,31,1989,18.0,35,1.95,20,10,0,1,4,0,3,0.17,2,1,0,0,0,0,Matches
88,Nathaniel Clyne\0442183b,eng ENG,DF,Crystal Palace,30,1991,15.0,11,0.73,9,1,0,0,0,1,2,0.13,2,0,0,0,0,0,Matches
89,Conor Coady\2928dca2,eng ENG,DF,Wolves,28,1993,37.3,7,0.19,7,0,0,0,0,0,0,0.00,0,0,0,0,0,0,Matches
90,Séamus Coleman\0420d84f,ie IRL,DF,Everton,32,1988,29.5,38,1.29,28,3,0,2,3,2,4,0.14,2,0,0,0,2,0,Matches
91,Nathan Collins\a8c19eb8,ie IRL,DF,Burnley,20,2001,18.6,17,0.92,10,2,1,3,1,0,1,0.05,1,0,0,0,0,0,Matches
92,Aaron Connolly\27c01749,ie IRL,FW,Brighton,21,2000,1.7,2,1.15,2,0,0,0,0,0,0,0.00,0,0,0,0,0,0,Matches
93,Liam Cooper\dc64b8b3,sct SCO,DF,Leeds United,29,1991,20.2,9,0.45,7,0,0,1,1,0,2,0.10,1,0,0,1,0,0,Matches
94,Jack Cork\74e12f1e,eng ENG,MF,Burnley,32,1989,18.6,12,0.65,10,0,0,0,1,1,0,0.00,0,0,0,0,0,0,Matches
95,Maxwel Cornet\beb391dd,ci CIV,FWMF,Burnley,24,1996,19.6,27,1.38,16,3,1,3,4,0,6,0.31,1,1,1,1,2,0,Matches
96,Hélder Costa\f13d02a6,ao ANG,MF,Leeds United,27,1994,0.2,0,0.00,0,0,0,0,0,0,0,0.00,0,0,0,0,0,0,Matches
97,Vladimír Coufal\fdf3cb77,cz CZE,DF,West Ham,28,1992,24.5,46,1.87,35,8,0,1,1,1,7,0.29,6,1,0,0,0,0,Matches
98,Philippe Coutinho\0ef89a37,br BRA,MFFW,Aston Villa,29,1992,14.8,54,3.66,38,4,4,5,3,0,6,0.41,5,0,0,1,0,0,Matches
99,Aaron Cresswell\4f974391,eng ENG,DF,West Ham,31,1989,30.3,49,1.62,27,20,0,2,0,0,5,0.17,2,3,0,0,0,0,Matches
100,Charlie Cresswell\4654e5f5,eng ENG,DF,Leeds United,18,2002,1.6,1,0.64,1,0,0,0,0,0,0,0.00,0,0,0,0,0,0,Matches
101,Cucho\71b47ab9,co COL,FWMF,Watford,22,1999,12.7,40,3.14,26,4,5,3,1,1,6,0.47,3,1,0,1,0,1,Matches
102,Marc Cucurella\1daec722,es ESP,DF,Brighton,23,1998,34.3,78,2.27,66,7,1,2,1,1,2,0.06,1,1,0,0,0,0,Matches
103,Luke Cundle\cc3b8e78,eng ENG,MF,Wolves,19,2002,2.0,3,1.50,3,0,0,0,0,0,0,0.00,0,0,0,0,0,0,Matches
104,Patson Daka\ca45605e,zm ZAM,FW,Leicester City,22,1998,12.9,24,1.86,21,0,0,1,1,1,7,0.54,5,0,0,1,0,1,Matches
105,Stuart Dallas\67ca8566,nir NIR,DFMF,Leeds United,30,1991,32.4,64,1.97,38,18,2,1,2,3,3,0.09,2,0,0,0,0,1,Matches
106,Diogo Dalot\d9565625,pt POR,DF,Manchester Utd,22,1999,20.0,37,1.85,33,1,2,0,1,0,5,0.25,5,0,0,0,0,0,Matches
107,Karl Darlow\cde3309f,eng ENG,GK,Newcastle Utd,30,1990,8.0,0,0.00,0,0,0,0,0,0,0,0.00,0,0,0,0,0,0,Matches
108,Josh Dasilva\60344e4f,eng ENG,MFFW,Brentford,22,1998,2.9,5,1.75,4,0,0,0,1,0,0,0.00,0,0,0,0,0,0,Matches
109,Ben Davies\44781702,wls WAL,DF,Tottenham,28,1993,28.2,29,1.03,27,1,0,1,0,0,4,0.14,3,0,0,1,0,0,Matches
110,Tom Davies\9228b07c,eng ENG,MF,Everton,23,1998,2.6,4,1.54,3,0,0,1,0,0,0,0.00,0,0,0,0,0,0,Matches
111,Keinan Davis\9deaf2c8,eng ENG,FW,Aston Villa,23,1998,0.1,0,0.00,0,0,0,0,0,0,0,0.00,0,0,0,0,0,0,Matches
112,Craig Dawson\3e9e06cb,eng ENG,DF,West Ham,31,1990,30.6,11,0.36,6,0,1,4,0,0,5,0.16,3,0,0,2,0,0,Matches
113,Kevin De Bruyne\e46012d4,be BEL,MF,Manchester City,30,1991,24.5,139,5.68,94,32,3,5,5,0,14,0.57,8,3,2,0,1,0,Matches
114,Troy Deeney\82e34b69,eng ENG,FW,Watford,33,1988,0.3,1,3.60,1,0,0,0,0,0,0,0.00,0,0,0,0,0,0,Matches
115,Liam Delap\dd897ee7,eng ENG,FW,Manchester City,18,2003,0.1,1,9.00,0,0,0,0,1,0,0,0.00,0,0,0,0,0,0,Matches
116,Fabian Delph\111c3236,eng ENG,MF,Everton,31,1989,7.4,5,0.68,4,0,0,0,0,1,0,0.00,0,0,0,0,0,0,Matches
117,Leander Dendoncker\5a7301ae,be BEL,MF,Wolves,26,1995,21.7,28,1.29,26,0,0,1,0,1,8,0.37,6,0,0,1,0,1,Matches
118,Emmanuel Dennis\2c44a35d,ng NGA,FWMF,Watford,23,1997,28.7,91,3.17,54,2,17,8,8,2,12,0.42,7,0,1,2,1,1,Matches
119,Kiernan Dewsbury Hall\5c74c0f5,eng ENG,MF,Leicester City,22,1998,23.4,66,2.82,49,3,4,3,5,2,6,0.26,5,1,0,0,0,0,Matches
120,Ibrahima Diallo\11ff3d56,fr FRA,MF,Southampton,22,1999,11.4,29,2.55,25,0,2,0,1,1,4,0.35,4,0,0,0,0,0,Matches
121,Raphael Dias Belloli\3423f250,br BRA,FWMF,Leeds United,24,1996,32.4,119,3.67,66,22,13,9,6,3,9,0.28,4,0,2,0,2,1,Matches
122,Rúben Dias\31c69ef1,pt POR,DF,Manchester City,24,1997,26.7,30,1.12,26,0,0,3,0,1,6,0.22,4,0,0,2,0,0,Matches
123,Luis Díaz\4a1a9578,co COL,FW,Liverpool,24,1997,10.6,49,4.60,34,0,10,3,0,2,4,0.38,3,0,0,1,0,0,Matches
124,Eric Dier\ac861941,eng ENG,DF,Tottenham,27,1994,34.1,28,0.82,22,0,0,4,0,2,4,0.12,2,0,0,2,0,0,Matches
125,Lucas Digne\1b84dbe1,fr FRA,DF,Aston Villa,28,1993,14.1,46,3.26,33,12,1,0,0,0,7,0.50,6,1,0,0,0,0,Matches
126,Lucas Digne\1b84dbe1,fr FRA,DF,Everton,28,1993,13.0,33,2.54,22,9,1,0,1,0,0,0.00,0,0,0,0,0,0,Matches
127,Virgil van Dijk\e06683ca,nl NED,DF,Liverpool,30,1991,34.0,24,0.71,18,0,0,6,0,0,6,0.18,4,0,0,2,0,0,Matches
128,Issa Diop\a712ca2b,fr FRA,DF,West Ham,24,1997,10.7,2,0.19,2,0,0,0,0,0,1,0.09,1,0,0,0,0,0,Matches
129,Moussa Djenepo\254147d4,ml MLI,MF,Southampton,23,1998,5.1,16,3.15,12,0,2,1,1,0,1,0.20,1,0,0,0,0,0,Matches
130,Lewis Dobbin\e814e1cf,eng ENG,FWMF,Everton,18,2003,0.4,0,0.00,0,0,0,0,0,0,0,0.00,0,0,0,0,0,0,Matches
131,Matt Doherty\d557d734,ie IRL,DF,Tottenham,29,1992,9.7,23,2.37,19,0,1,3,0,0,4,0.41,4,0,0,0,0,0,Matches
132,Gabriel Dos Santos\67ac5bb8,br BRA,DF,Arsenal,23,1997,34.0,22,0.65,20,0,0,1,0,1,1,0.03,1,0,0,0,0,0,Matches
133,Abdoulaye Doucouré\02b29014,ml MLI,MF,Everton,28,1993,28.2,53,1.88,48,0,2,2,0,1,7,0.25,5,0,1,1,0,0,Matches
134,Kieran Dowell\2f6ec02a,eng ENG,FWMF,Norwich City,23,1997,10.1,23,2.27,18,5,0,0,0,0,1,0.10,1,0,0,0,0,0,Matches
135,Cody Drameh\e0d1510a,eng ENG,DF,Leeds United,19,2001,1.4,2,1.41,2,0,0,0,0,0,0,0.00,0,0,0,0,0,0,Matches
136,Martin Dúbravka\3a949a25,sk SVK,GK,Newcastle Utd,32,1989,26.0,2,0.08,0,2,0,0,0,0,0,0.00,0,0,0,0,0,0,Matches
137,Shane Duffy\7314bba4,ie IRL,DF,Brighton,29,1992,16.0,8,0.50,6,0,0,2,0,0,2,0.13,1,0,0,1,0,0,Matches
138,Paul Dummett\3fe6bd8c,wls WAL,DF,Newcastle Utd,29,1991,2.2,1,0.45,0,1,0,0,0,0,0,0.00,0,0,0,0,0,0,Matches
139,Lewis Dunk\282f75f3,eng ENG,DF,Brighton,29,1991,28.6,15,0.52,11,1,0,3,0,0,2,0.07,1,1,0,0,0,0,Matches
140,Ederson\3bb7b8b4,br BRA,GK,Manchester City,27,1993,37.0,4,0.11,2,2,0,0,0,0,0,0.00,0,0,0,0,0,0,Matches
141,Odsonne Édouard\0562b7f1,fr FRA,FW,Crystal Palace,23,1998,17.4,39,2.24,26,0,4,5,0,4,3,0.17,2,0,0,1,0,0,Matches
142,CJ Egan-Riley\d313e8ff,eng ENG,DF,Manchester City,18,2003,0.0,0,0.00,0,0,0,0,0,0,0,0.00,0,0,0,0,0,0,Matches
143,Anthony Elanga\2fba6108,se SWE,FW,Manchester Utd,19,2002,13.5,18,1.33,9,0,3,0,4,2,5,0.37,2,0,1,0,1,1,Matches
144,Harvey Elliott\c8387671,eng ENG,MF,Liverpool,18,2003,3.8,21,5.46,14,1,1,3,2,0,1,0.26,1,0,0,0,0,0,Matches
145,Mohamed Elneny\47a34c4f,eg EGY,MF,Arsenal,29,1992,9.0,13,1.45,13,0,0,0,0,0,2,0.22,2,0,0,0,0,0,Matches
146,Mohamed Elyounoussi\68dc0dac,no NOR,MFFW,Southampton,26,1994,22.7,52,2.29,41,0,2,5,3,1,5,0.22,3,0,0,2,0,0,Matches
147,Emerson\df8b52a5,br BRA,DF,Tottenham,22,1999,25.4,49,1.93,40,0,4,2,1,2,4,0.16,4,0,0,0,0,0,Matches
148,Christian Eriksen\980522ec,dk DEN,MF,Brentford,29,1992,10.4,53,5.08,26,24,0,1,2,0,7,0.67,3,3,0,0,1,0,Matches
149,Oghenekaro Etebo\b579e83d,ng NGA,MF,Watford,25,1995,4.5,4,0.90,4,0,0,0,0,0,0,0.00,0,0,0,0,0,0,Matches
150,Jonny Evans\f8fcd2a5,nir NIR,DF,Leicester City,33,1988,15.0,8,0.53,7,1,0,0,0,0,2,0.13,1,1,0,0,0,0,Matches
151,Eberechi Eze\ae4fc6a4,eng ENG,MFFW,Crystal Palace,23,1998,6.7,22,3.27,11,7,1,1,1,1,2,0.30,1,1,0,0,0,0,Matches
152,Łukasz Fabiański\9328b835,pl POL,GK,West Ham,36,1985,37.0,3,0.08,2,1,0,0,0,0,0,0.00,0,0,0,0,0,0,Matches
153,Fabinho\7f3b388c,br BRA,MF,Liverpool,27,1993,25.7,39,1.52,31,0,0,3,4,1,5,0.19,3,0,0,2,0,0,Matches
154,Kiko Femenía\e5d01ecf,es ESP,DF,Watford,30,1991,23.8,39,1.64,27,12,0,0,0,0,6,0.25,5,1,0,0,0,0,Matches
155,Evan Ferguson\4596da74,ie IRL,MF,Brighton,16,2004,0.3,0,0.00,0,0,0,0,0,0,0,0.00,0,0,0,0,0,0,Matches
156,Nathan Ferguson\2f8d27bc,eng ENG,DF,Crystal Palace,20,2000,0.1,0,0.00,0,0,0,0,0,0,0,0.00,0,0,0,0,0,0,Matches
157,Bruno Fernandes\507c7bdf,pt POR,MF,Manchester Utd,26,1994,34.6,145,4.19,109,18,4,7,4,3,10,0.29,8,0,1,1,0,0,Matches
158,Álvaro Fernández\f127d782,es ESP,GK,Brentford,23,1998,12.0,0,0.00,0,0,0,0,0,0,0,0.00,0,0,0,0,0,0,Matches
159,Federico Fernández\f25b010f,ar ARG,DF,Newcastle Utd,32,1989,5.8,3,0.52,1,0,0,2,0,0,1,0.17,0,0,0,1,0,0,Matches
160,Fernandinho\101da2b5,br BRA,MFDF,Manchester City,36,1985,10.7,30,2.80,24,0,0,4,2,0,4,0.37,4,0,0,0,0,0,Matches
161,Roberto Firmino\4c370d81,br BRA,FW,Liverpool,29,1991,11.0,37,3.36,32,0,1,3,0,1,6,0.55,4,0,0,1,0,1,Matches
162,Junior Firpo\24f59bb2,es ESP,DF,Leeds United,24,1996,19.0,43,2.26,34,4,1,1,1,2,4,0.21,2,1,0,0,0,1,Matches
163,Ashley Fletcher\eeb6551f,eng ENG,FW,Watford,25,1995,0.3,2,6.00,1,0,0,1,0,0,0,0.00,0,0,0,0,0,0,Matches
164,Phil Foden\ed1e53f3,eng ENG,FW,Manchester City,21,2000,23.6,83,3.51,57,13,3,6,3,1,13,0.55,8,3,0,2,0,0,Matches
165,Wesley Fofana\132a82f1,fr FRA,DF,Leicester City,20,2000,7.0,4,0.57,4,0,0,0,0,0,0,0.00,0,0,0,0,0,0,Matches
166,Pablo Fornals\82927de4,es ESP,FWMF,West Ham,25,1996,31.1,87,2.80,67,8,4,5,2,1,9,0.29,7,1,0,1,0,0,Matches
167,Adam Forshaw\9f1938ab,eng ENG,MF,Leeds United,29,1991,17.0,27,1.59,26,0,0,1,0,0,1,0.06,1,0,0,0,0,0,Matches
168,Marcus Forss\82c215a0,fi FIN,FWMF,Brentford,22,1999,2.3,2,0.86,1,0,0,1,0,0,1,0.43,0,0,0,1,0,0,Matches
169,Fraser Forster\c3e39f12,eng ENG,GK,Southampton,33,1988,19.0,2,0.11,0,2,0,0,0,0,0,0.00,0,0,0,0,0,0,Matches
170,Ben Foster\d0b3ceb9,eng ENG,GK,Watford,38,1983,26.0,7,0.27,7,0,0,0,0,0,1,0.04,1,0,0,0,0,0,Matches
171,Tariqe Fosu\3dcef539,gh GHA,DF,Brentford,25,1995,0.2,0,0.00,0,0,0,0,0,0,0,0.00,0,0,0,0,0,0,Matches
172,Ryan Fraser\d56543a0,sct SCO,FWMF,Newcastle Utd,27,1994,16.3,47,2.89,28,8,0,5,5,1,6,0.37,3,1,0,1,1,0,Matches
173,Fred\b853e0ad,br BRA,MF,Manchester Utd,28,1993,22.5,57,2.53,47,0,1,1,4,4,8,0.36,6,0,0,0,1,1,Matches
174,Ryan Fredericks\c067631c,eng ENG,DF,West Ham,28,1992,3.4,2,0.59,2,0,0,0,0,0,0,0.00,0,0,0,0,0,0,Matches
175,Leo Fuhr Hjelde\d102b8a2,no NOR,DF,Leeds United,17,2003,1.7,3,1.80,3,0,0,0,0,0,0,0.00,0,0,0,0,0,0,Matches
176,Conor Gallagher\c2731c10,eng ENG,MF,Crystal Palace,21,2000,31.6,89,2.82,44,23,3,7,10,2,13,0.41,8,1,2,0,1,1,Matches
177,Alejandro Garnacho\7aa8adfe,es ESP,FW,Manchester Utd,17,2004,0.1,0,0.00,0,0,0,0,0,0,0,0.00,0,0,0,0,0,0,Matches
178,Dwight Gayle\e58a03c6,eng ENG,FW,Newcastle Utd,30,1990,0.4,2,4.74,2,0,0,0,0,0,0,0.00,0,0,0,0,0,0,Matches
179,Jean-Philippe Gbamin\6bd603db,ci CIV,MF,Everton,25,1995,0.7,0,0.00,0,0,0,0,0,0,0,0.00,0,0,0,0,0,0,Matches
180,David de Gea\7ba6d84e,es ESP,GK,Manchester Utd,30,1990,38.0,3,0.08,3,0,0,0,0,0,0,0.00,0,0,0,0,0,0,Matches
181,Joe Gelhardt\01962d0d,eng ENG,FWMF,Leeds United,19,2002,8.3,22,2.65,14,0,3,1,4,0,6,0.72,2,0,2,0,2,0,Matches
182,Anwar El Ghazi\ffa90327,nl NED,FWMF,Aston Villa,26,1995,4.3,11,2.56,8,1,1,0,1,0,2,0.47,2,0,0,0,0,0,Matches
183,Anwar El Ghazi\ffa90327,nl NED,FW,Everton,26,1995,0.1,0,0.00,0,0,0,0,0,0,0,0.00,0,0,0,0,0,0,Matches
184,Saman Ghoddos\f7b1d4e0,ir IRN,DFMF,Brentford,27,1993,6.0,25,4.20,18,2,0,1,3,1,2,0.34,1,0,0,0,1,0,Matches
185,Dimitris Giannoulis\112c495e,gr GRE,DF,Norwich City,25,1995,13.0,17,1.31,14,1,0,0,2,0,2,0.15,2,0,0,0,0,0,Matches
186,Morgan Gibbs-White\32f60ed8,eng ENG,FWMF,Wolves,21,2000,0.1,0,0.00,0,0,0,0,0,0,0,0.00,0,0,0,0,0,0,Matches
187,Ben Gibson\bcfb0142,eng ENG,DF,Norwich City,28,1993,27.7,11,0.40,10,0,0,0,0,1,1,0.04,1,0,0,0,0,0,Matches
188,Billy Gilmour\df10e27c,sct SCO,MF,Norwich City,20,2001,20.6,48,2.33,21,22,1,3,0,1,1,0.05,0,1,0,0,0,0,Matches
189,Ben Godfrey\9f7c837d,eng ENG,DF,Everton,23,1998,22.5,31,1.38,24,2,1,2,0,2,2,0.09,1,0,0,1,0,0,Matches
190,André Gomes\1961b2aa,pt POR,MF,Everton,28,1993,6.9,13,1.89,9,0,2,1,1,0,2,0.29,1,0,1,0,0,0,Matches
191,Toti Gomes\f0caab96,pt POR,DF,Wolves,22,1999,4.0,0,0.00,0,0,0,0,0,0,0,0.00,0,0,0,0,0,0,Matches
192,Joe Gomez\7a11550b,eng ENG,DF,Liverpool,24,1997,3.7,8,2.18,7,0,0,0,1,0,2,0.54,2,0,0,0,0,0,Matches
193,Charlie Goode\7aee4dd3,eng ENG,DF,Brentford,25,1995,5.0,12,2.40,2,7,1,1,0,1,0,0.00,0,0,0,0,0,0,Matches
194,Anthony Gordon\2bd83368,eng ENG,MFFW,Everton,20,2001,25.4,73,2.88,38,14,5,2,12,2,5,0.20,1,2,0,0,2,0,Matches
195,Kaide Gordon\19a9cb70,eng ENG,FW,Liverpool,16,2004,0.1,0,0.00,0,0,0,0,0,0,0,0.00,0,0,0,0,0,0,Matches
196,Dan Gosling\7fec31a0,eng ENG,MF,Watford,31,1990,1.8,2,1.08,1,0,0,0,1,0,0,0.00,0,0,0,0,0,0,Matches
197,Demarai Gray\4468ec10,eng ENG,MFFW,Everton,25,1996,26.0,83,3.20,48,13,12,4,6,0,6,0.23,3,1,1,1,0,0,Matches
198,Jack Grealish\b0b4fd3e,eng ENG,FW,Manchester City,25,1995,21.3,110,5.17,87,1,5,5,11,1,7,0.33,7,0,0,0,0,0,Matches
199,Mason Greenwood\58eee997,eng ENG,FWMF,Manchester Utd,19,2001,14.1,44,3.12,37,0,4,1,2,0,7,0.50,6,0,0,1,0,0,Matches
200,Sam Greenwood\f3354c07,eng ENG,MFFW,Leeds United,19,2002,2.6,6,2.28,5,0,0,1,0,0,2,0.76,2,0,0,0,0,0,Matches
201,Pascal Groß\8aec0537,de GER,MFDF,Brighton,30,1991,22.6,91,4.02,49,37,1,4,0,0,7,0.31,2,3,1,1,0,0,Matches
202,Vicente Guaita\ab13a5aa,es ESP,GK,Crystal Palace,34,1987,29.5,1,0.03,1,0,0,0,0,0,0,0.00,0,0,0,0,0,0,Matches
203,Marc Guéhi\d0706b27,eng ENG,DF,Crystal Palace,21,2000,35.8,21,0.59,18,0,0,2,0,1,2,0.06,1,0,0,1,0,0,Matches
204,Bruno Guimarães\82518f62,br BRA,MF,Newcastle Utd,23,1997,11.5,24,2.09,19,0,1,2,0,2,3,0.26,1,0,0,1,0,1,Matches
205,İlkay Gündoğan\819b3158,de GER,MF,Manchester City,30,1990,20.6,71,3.44,52,12,5,1,0,1,7,0.34,6,0,1,0,0,0,Matches
206,Angus Gunn\e082af5b,eng ENG,GK,Norwich City,25,1996,9.0,0,0.00,0,0,0,0,0,0,0,0.00,0,0,0,0,0,0,Matches
207,Grant Hanley\e9254eec,sct SCO,DF,Norwich City,29,1991,32.2,10,0.31,5,1,0,4,0,0,0,0.00,0,0,0,0,0,0,Matches
208,Jack Harrison\aa849a12,eng ENG,FWMF,Leeds United,24,1996,29.3,79,2.69,52,7,8,6,5,1,3,0.10,1,0,1,1,0,0,Matches
209,Kortney Hause\bf8fad51,eng ENG,DF,Aston Villa,26,1995,4.4,0,0.00,0,0,0,0,0,0,0,0.00,0,0,0,0,0,0,Matches
210,Kai Havertz\fed7cb61,de GER,FWMF,Chelsea,22,1999,20.1,53,2.64,40,0,2,6,5,0,7,0.35,4,0,1,1,1,0,Matches
211,Isaac Hayden\c951a6df,eng ENG,MFDF,Newcastle Utd,26,1995,11.1,6,0.54,6,0,0,0,0,0,0,0.00,0,0,0,0,0,0,Matches
212,Hwang Hee-chan\169fd162,kr KOR,FWMF,Wolves,25,1996,20.2,34,1.69,23,0,3,3,3,2,3,0.15,1,0,1,0,0,1,Matches
213,Jordan Henderson\935e6b8f,eng ENG,MF,Liverpool,31,1990,28.9,78,2.70,71,4,2,0,0,1,11,0.38,11,0,0,0,0,0,Matches
214,Jeff Hendrick\989d5705,ie IRL,MF,Newcastle Utd,29,1992,0.8,1,1.25,1,0,0,0,0,0,0,0.00,0,0,0,0,0,0,Matches
215,Wayne Hennessey\76eca7e2,wls WAL,GK,Burnley,34,1987,2.0,3,1.50,1,2,0,0,0,0,0,0.00,0,0,0,0,0,0,Matches
216,Rico Henry\8a3c1dc7,eng ENG,DF,Brentford,24,1997,30.8,41,1.33,36,1,3,0,1,0,1,0.03,1,0,0,0,0,0,Matches
217,Son Heung-min\92e7e919,kr KOR,FWMF,Tottenham,29,1992,33.4,129,3.86,75,35,4,8,6,1,15,0.45,8,4,0,0,3,0,Matches
218,Ki-Jana Hoever\9a71e978,nl NED,DF,Wolves,19,2002,3.4,3,0.88,3,0,0,0,0,0,0,0.00,0,0,0,0,0,0,Matches
219,Rob Holding\d79a8c87,eng ENG,DF,Arsenal,25,1995,9.4,3,0.32,3,0,0,0,0,0,0,0.00,0,0,0,0,0,0,Matches
220,Mason Holgate\d0042ab9,eng ENG,DF,Everton,24,1996,23.7,3,0.13,3,0,0,0,0,0,1,0.04,1,0,0,0,0,0,Matches
221,Callum Hudson-Odoi\15f3ec41,eng ENG,FWMF,Chelsea,20,2000,10.7,51,4.77,37,0,7,3,4,0,6,0.56,4,0,0,0,2,0,Matches
222,Will Hughes\a0666d3e,eng ENG,MF,Crystal Palace,26,1995,11.7,20,1.71,12,3,0,0,2,3,3,0.26,1,1,0,0,1,0,Matches
223,Pierre Højbjerg\8b04d6c1,dk DEN,MF,Tottenham,25,1995,35.5,81,2.28,67,3,5,1,2,3,5,0.14,5,0,0,0,0,0,Matches
224,Adam Idah\291e3ec3,ie IRL,FWMF,Norwich City,20,2001,6.9,12,1.73,8,1,1,0,2,0,1,0.14,1,0,0,0,0,0,Matches
225,Kelechi Iheanacho\c92e1a31,ng NGA,FW,Leicester City,24,1996,14.0,36,2.56,28,1,2,2,1,2,8,0.57,5,0,0,1,0,2,Matches
226,Danny Ings\07802f7f,eng ENG,FW,Aston Villa,29,1992,21.1,31,1.47,24,0,1,4,1,1,8,0.38,8,0,0,0,0,0,Matches
227,Tim Iroegbunam\84c5ceea,eng ENG,MF,Aston Villa,18,2003,1.0,0,0.00,0,0,0,0,0,0,0,0.00,0,0,0,0,0,0,Matches
228,Alex Iwobi\6ca5ec4b,ng NGA,MFDF,Everton,25,1996,22.6,62,2.74,58,2,0,1,0,1,6,0.27,6,0,0,0,0,0,Matches
229,Daniel James\c931d9f9,wls WAL,FW,Manchester Utd,23,1997,1.4,3,2.14,2,0,0,1,0,0,0,0.00,0,0,0,0,0,0,Matches
230,Daniel James\c931d9f9,wls WAL,FWMF,Leeds United,23,1997,26.3,53,2.02,36,0,3,6,7,1,5,0.19,3,0,1,0,1,0,Matches
231,Reece James\1265a93a,eng ENG,DF,Chelsea,21,1999,20.7,79,3.81,61,8,3,4,3,0,11,0.53,9,1,1,0,0,0,Matches
232,Vitaly Janelt\8449d35e,de GER,MF,Brentford,23,1998,25.5,53,2.08,40,3,2,4,3,1,4,0.16,3,0,0,1,0,0,Matches
233,Pontus Jansson\172e52d8,se SWE,DF,Brentford,30,1991,36.9,15,0.41,7,0,0,7,1,0,4,0.11,1,0,0,2,1,0,Matches
234,Mathias Jensen\0f134faf,dk DEN,MF,Brentford,25,1996,17.8,57,3.20,35,19,1,0,0,2,3,0.17,2,1,0,0,0,0,Matches
235,Gabriel Jesus\b66315ae,br BRA,FW,Manchester City,24,1997,20.9,78,3.74,52,0,13,7,4,2,18,0.86,11,0,2,1,2,2,Matches
236,Raúl Jiménez\b561db50,mx MEX,FW,Wolves,30,1991,29.2,67,2.29,47,1,4,7,5,3,15,0.51,7,0,3,3,1,1,Matches
237,Joelinton\c17bfb65,br BRA,MFFW,Newcastle Utd,24,1996,28.4,64,2.25,44,0,3,8,6,3,6,0.21,4,0,0,1,1,0,Matches
238,Ben Johnson\9319781b,eng ENG,DF,West Ham,21,2000,15.5,16,1.03,14,1,0,0,1,0,2,0.13,2,0,0,0,0,0,Matches
239,Curtis Jones\4fb9c88f,eng ENG,MF,Liverpool,20,2001,9.5,26,2.75,15,1,2,3,3,2,2,0.21,1,0,0,1,0,0,Matches
240,Phil Jones\def899bd,eng ENG,DF,Manchester Utd,29,1992,1.8,2,1.10,1,0,0,0,1,0,0,0.00,0,0,0,0,0,0,Matches
241,Jorginho\45db685d,it ITA,MF,Chelsea,29,1991,25.3,60,2.38,52,1,1,2,2,2,8,0.32,8,0,0,0,0,0,Matches
242,Diogo Jota\178ae8f8,pt POR,FW,Liverpool,24,1996,26.3,87,3.31,58,0,12,4,9,4,14,0.53,7,0,4,1,2,0,Matches
243,James Justin\fb614c44,eng ENG,DF,Leicester City,23,1998,11.1,16,1.44,15,0,0,0,1,0,1,0.09,1,0,0,0,0,0,Matches
244,Mathias Jørgensen\0db5d2c8,dk DEN,DF,Brentford,31,1990,5.8,6,1.04,3,2,0,1,0,0,0,0.00,0,0,0,0,0,0,Matches
245,Ozan Kabak\2d61d13a,tr TUR,DF,Norwich City,21,2000,10.2,10,0.98,4,0,1,1,3,1,0,0.00,0,0,0,0,0,0,Matches
246,Christian Kabasele\914ab9a1,be BEL,DF,Watford,30,1991,13.3,5,0.38,4,0,0,1,0,0,0,0.00,0,0,0,0,0,0,Matches
247,Samuel Kalu\b8d22478,ng NGA,FW,Watford,23,1997,2.5,6,2.43,3,0,0,0,2,1,0,0.00,0,0,0,0,0,0,Matches
248,Hassane Kamara\19a12bed,ci CIV,DF,Watford,27,1994,18.0,21,1.16,16,0,1,1,0,3,0,0.00,0,0,0,0,0,0,Matches
249,Harry Kane\21a66f6a,eng ENG,FW,Tottenham,28,1993,35.9,117,3.26,86,2,10,11,6,2,21,0.58,17,0,1,3,0,0,Matches
250,N'Golo Kanté\b9fbae28,fr FRA,MF,Chelsea,30,1991,19.7,61,3.10,52,0,4,2,0,3,13,0.66,11,0,1,1,0,0,Matches
251,Edo Kayembe\f99b71de,cd COD,MF,Watford,22,1998,8.9,13,1.46,12,0,0,1,0,0,0,0.00,0,0,0,0,0,0,Matches
252,Moise Kean\3d50bcdb,it ITA,FW,Everton,21,2000,0.0,0,0.00,0,0,0,0,0,0,0,0.00,0,0,0,0,0,0,Matches
253,Michael Keane\c5b7c315,eng ENG,DF,Everton,28,1993,31.0,14,0.45,9,2,0,3,0,0,1,0.03,1,0,0,0,0,0,Matches
254,Naby Keïta\f25c8e3a,gn GUI,MF,Liverpool,26,1995,13.0,43,3.30,33,0,3,4,0,3,6,0.46,4,0,1,1,0,0,Matches
255,Caoimhín Kelleher\62d7ef38,ie IRL,GK,Liverpool,22,1998,2.0,0,0.00,0,0,0,0,0,0,0,0.00,0,0,0,0,0,0,Matches
256,Kenedy\5eebbfdf,br BRA,DF,Chelsea,25,1996,0.6,3,4.66,2,0,0,1,0,0,1,1.55,1,0,0,0,0,0,Matches
257,Jonjoe Kenny\099e666f,eng ENG,DF,Everton,24,1997,11.3,20,1.77,15,2,2,1,0,0,2,0.18,2,0,0,0,0,0,Matches
258,Max Kilman\d0f72bf1,eng ENG,DF,Wolves,24,1997,29.9,9,0.30,6,0,1,1,0,1,1,0.03,0,0,0,1,0,0,Matches
259,Joshua King\43458538,no NOR,FW,Watford,29,1992,25.0,60,2.40,46,0,4,4,5,1,7,0.28,5,0,1,1,0,0,Matches
260,Kristoffer Klaesson\3f70db80,no NOR,GK,Leeds United,20,2000,0.4,0,0.00,0,0,0,0,0,0,0,0.00,0,0,0,0,0,0,Matches
261,Mateusz Klich\282679b4,pl POL,MF,Leeds United,31,1990,23.0,68,2.95,54,3,3,4,3,1,6,0.26,5,0,0,1,0,0,Matches
262,Robin Koch\ea6bc03a,de GER,MFDF,Leeds United,25,1996,17.5,18,1.03,16,0,0,1,1,0,1,0.06,1,0,0,0,0,0,Matches
263,Sead Kolašinac\3935e52e,ba BIH,DF,Arsenal,28,1993,1.0,0,0.00,0,0,0,0,0,0,0,0.00,0,0,0,0,0,0,Matches
264,Ibrahima Konaté\5ed9b537,fr FRA,DF,Liverpool,22,1999,11.0,6,0.55,6,0,0,0,0,0,2,0.18,2,0,0,0,0,0,Matches
265,Ezri Konsa\0313a347,eng ENG,DF,Aston Villa,23,1997,27.5,10,0.36,8,0,0,1,0,1,0,0.00,0,0,0,0,0,0,Matches
266,Cheikhou Kouyaté\8d3c902d,sn SEN,MF,Crystal Palace,31,1989,21.9,17,0.78,14,0,2,0,0,1,1,0.05,1,0,0,0,0,0,Matches
267,Mateo Kovačić\79c0821a,hr CRO,MF,Chelsea,27,1994,17.3,58,3.35,50,0,2,3,3,0,6,0.35,6,0,0,0,0,0,Matches
268,Emil Krafth\77cf6852,se SWE,DF,Newcastle Utd,26,1994,18.2,13,0.72,7,4,1,1,0,0,1,0.06,1,0,0,0,0,0,Matches
269,Alex Král\e717705a,cz CZE,MF,West Ham,23,1998,0.0,0,0.00,0,0,0,0,0,0,0,0.00,0,0,0,0,0,0,Matches
270,Tim Krul\f23f9d20,nl NED,GK,Norwich City,33,1988,29.0,5,0.17,3,2,0,0,0,0,0,0.00,0,0,0,0,0,0,Matches
271,Juraj Kucka\5aaef9ef,sk SVK,MF,Watford,34,1987,21.3,37,1.73,23,0,5,2,5,2,2,0.09,1,0,0,0,1,0,Matches
272,Dejan Kulusevski\df3cda47,se SWE,MFFW,Tottenham,21,2000,14.0,47,3.35,35,0,6,5,1,0,14,1.00,10,0,3,1,0,0,Matches
273,Alexandre Lacazette\9dbb75ca,fr FRA,FWMF,Arsenal,30,1991,19.8,65,3.28,43,0,7,4,9,2,9,0.45,6,0,0,1,1,1,Matches
274,Adam Lallana\99813635,eng ENG,MF,Brighton,33,1988,17.3,27,1.56,23,0,1,0,2,1,3,0.17,3,0,0,0,0,0,Matches
275,Tariq Lamptey\f4e433d4,eng ENG,DFFW,Brighton,20,2000,17.3,47,2.71,33,0,4,3,4,3,2,0.12,2,0,0,0,0,0,Matches
276,Manuel Lanzini\26f6dca8,ar ARG,MFFW,West Ham,28,1993,19.8,55,2.77,45,5,2,0,2,1,10,0.50,6,1,1,0,1,1,Matches
277,Aymeric Laporte\119b9a8e,es ESP,DF,Manchester City,27,1994,31.4,30,0.95,26,0,0,3,1,0,4,0.13,2,0,0,1,1,0,Matches
278,Jamaal Lascelles\450ab6fc,eng ENG,DF,Newcastle Utd,27,1993,22.9,6,0.26,6,0,0,0,0,0,1,0.04,1,0,0,0,0,0,Matches
279,Pierre Lees-Melou\f5044e54,fr FRA,MF,Norwich City,28,1993,25.2,52,2.07,44,1,1,1,1,4,1,0.04,0,0,0,0,1,0,Matches
280,Aaron Lennon\2ff964a0,eng ENG,MF,Burnley,34,1987,17.2,32,1.86,20,0,5,1,6,0,5,0.29,1,0,2,0,2,0,Matches
281,Bernd Leno\2628fd2b,de GER,GK,Arsenal,29,1992,4.0,0,0.00,0,0,0,0,0,0,0,0.00,0,0,0,0,0,0,Matches
282,Jamal Lewis\efb9215a,nir NIR,DF,Newcastle Utd,23,1998,2.9,2,0.69,2,0,0,0,0,0,1,0.34,1,0,0,0,0,0,Matches
283,Victor Lindelöf\f5deef4c,se SWE,DF,Manchester Utd,27,1994,26.2,10,0.38,10,0,0,0,0,0,3,0.11,3,0,0,0,0,0,Matches
284,Jesse Lingard\810e3c74,eng ENG,FWMF,Manchester Utd,28,1992,4.1,15,3.68,12,0,0,2,1,0,1,0.25,0,0,0,1,0,0,Matches
285,Valentino Livramento\afed6722,eng ENG,DF,Southampton,18,2002,24.5,40,1.63,37,0,1,0,2,0,2,0.08,1,0,0,0,1,0,Matches
286,Diego Llorente\bba30585,es ESP,DF,Leeds United,27,1993,26.0,6,0.23,6,0,0,0,0,0,0,0.00,0,0,0,0,0,0,Matches
287,Hugo Lloris\8f62b6ee,fr FRA,GK,Tottenham,34,1986,38.0,6,0.16,6,0,0,0,0,0,2,0.05,2,0,0,0,0,0,Matches
288,Giovani Lo Celso\d7553721,ar ARG,MFFW,Tottenham,25,1996,2.6,10,3.78,5,2,0,1,2,0,0,0.00,0,0,0,0,0,0,Matches
289,Jürgen Locadia\6cc47ae1,nl NED,FW,Brighton,27,1993,0.3,0,0.00,0,0,0,0,0,0,0,0.00,0,0,0,0,0,0,Matches
290,Ruben Loftus-Cheek\e97fd090,eng ENG,MFDF,Chelsea,25,1996,15.5,52,3.36,39,0,3,4,3,3,7,0.45,4,0,0,2,0,1,Matches
291,Kevin Long\5a4280b1,ie IRL,DF,Burnley,30,1990,4.6,1,0.22,1,0,0,0,0,0,0,0.00,0,0,0,0,0,0,Matches
292,Shane Long\9f472354,ie IRL,FW,Southampton,34,1987,3.4,5,1.46,2,0,0,0,3,0,0,0.00,0,0,0,0,0,0,Matches
293,Sean Longstaff\a2b105e0,eng ENG,MF,Newcastle Utd,23,1997,16.3,24,1.48,20,1,0,1,0,2,4,0.25,3,0,0,0,0,1,Matches
294,Ademola Lookman\7c104bb7,ng NGA,FWMF,Leicester City,23,1997,16.1,40,2.48,30,1,4,2,2,1,2,0.12,1,0,0,0,1,0,Matches
295,Jonas Lössl\939bc634,dk DEN,GK,Brentford,32,1989,2.0,0,0.00,0,0,0,0,0,0,0,0.00,0,0,0,0,0,0,Matches
296,Imran Louza\e1df6989,ma MAR,MF,Watford,22,1999,15.7,30,1.91,13,11,1,2,1,2,1,0.06,1,0,0,0,0,0,Matches
297,Matthew Lowton\9a9c05db,eng ENG,DF,Burnley,32,1989,19.7,33,1.68,25,4,0,1,2,1,2,0.10,1,0,0,1,0,0,Matches
298,Douglas Luiz\6f7d826d,br BRA,MF,Aston Villa,23,1998,30.2,75,2.49,46,19,1,3,6,0,8,0.27,3,2,0,2,1,0,Matches
299,Romelu Lukaku\5eae500a,be BEL,FW,Chelsea,28,1993,17.7,44,2.49,30,0,4,2,6,2,5,0.28,0,0,1,0,3,1,Matches
300,Lyanco\b5bf1770,br BRA,DF,Southampton,24,1997,10.1,9,0.89,6,0,0,1,0,2,1,0.10,1,0,0,0,0,0,Matches
301,Alexis Mac Allister\83d074ff,ar ARG,MFFW,Brighton,22,1998,23.6,66,2.80,46,9,1,2,4,4,4,0.17,1,2,0,1,0,0,Matches
302,James Maddison\ee38d9c5,eng ENG,MFFW,Leicester City,24,1996,27.3,100,3.66,56,12,9,8,12,3,19,0.70,13,1,1,1,2,1,Matches
303,Harry Maguire\d8931174,eng ENG,DF,Manchester Utd,28,1993,27.9,20,0.72,11,2,1,4,1,1,1,0.04,1,0,0,0,0,0,Matches
304,Riyad Mahrez\892d5bb1,dz ALG,FW,Manchester City,30,1991,16.6,64,3.85,49,9,1,3,1,1,7,0.42,4,2,0,1,0,0,Matches
305,Ainsley Maitland-Niles\e3a5814e,eng ENG,MF,Arsenal,23,1997,3.0,8,2.69,5,1,0,1,0,1,0,0.00,0,0,0,0,0,0,Matches
306,Sadio Mané\c691bfe2,sn SEN,FW,Liverpool,29,1992,31.3,97,3.10,67,0,5,14,8,3,13,0.42,7,0,1,4,1,0,Matches
307,Javier Manquillo\758dd7f0,es ESP,DF,Newcastle Utd,27,1994,14.0,9,0.64,8,0,0,0,1,0,4,0.29,3,0,0,0,1,0,Matches
308,Fernando Marçal\9ae9eaea,br BRA,DF,Wolves,32,1989,16.1,17,1.06,15,0,0,1,1,0,1,0.06,0,0,0,1,0,0,Matches
309,Solly March\bb5fbd2b,eng ENG,DFFW,Brighton,27,1994,19.4,67,3.45,41,14,7,0,3,2,4,0.21,3,0,0,0,1,0,Matches
310,Pablo Marí\aa54ec6f,es ESP,DF,Arsenal,27,1993,2.0,1,0.50,1,0,0,0,0,0,0,0.00,0,0,0,0,0,0,Matches
311,Anthony Martial\8b788c01,fr FRA,FW,Manchester Utd,25,1995,2.4,3,1.27,3,0,0,0,0,0,2,0.85,2,0,0,0,0,0,Matches
312,Martinelli\48a5a5d6,br BRA,FWMF,Arsenal,20,2001,20.7,70,3.39,47,4,8,7,2,2,11,0.53,6,2,1,2,0,0,Matches
313,Emiliano Martínez\7956236f,ar ARG,GK,Aston Villa,28,1992,36.0,3,0.08,3,0,0,0,0,0,1,0.03,1,0,0,0,0,0,Matches
314,Adam Masina\de0f152c,ma MAR,DF,Watford,27,1994,12.0,11,0.92,6,3,0,0,1,1,1,0.08,1,0,0,0,0,0,Matches
315,Arthur Masuaku\57df7a11,cd COD,DFFW,West Ham,27,1993,7.2,6,0.83,4,2,0,0,0,0,2,0.28,1,1,0,0,0,0,Matches
316,Juan Mata\29733c72,es ESP,MF,Manchester Utd,33,1988,2.6,6,2.30,6,0,0,0,0,0,0,0.00,0,0,0,0,0,0,Matches
317,Jean-Philippe Mateta\50e6dc35,fr FRA,FW,Crystal Palace,24,1997,12.7,18,1.41,15,0,0,3,0,0,2,0.16,1,0,0,1,0,0,Matches
318,Nemanja Matić\eb7822d7,rs SRB,MF,Manchester Utd,32,1988,15.4,28,1.82,25,0,0,0,1,2,5,0.33,5,0,0,0,0,0,Matches
319,Joël Matip\b217ef29,cm CMR,DF,Liverpool,29,1991,31.0,34,1.10,26,0,0,7,1,0,9,0.29,7,0,0,1,1,0,Matches
320,Neal Maupay\4bcf39f6,fr FRA,FW,Brighton,24,1996,25.3,64,2.53,46,0,7,6,5,0,3,0.12,3,0,0,0,0,0,Matches
321,Bryan Mbeumo\6afaebf2,fr FRA,FW,Brentford,21,1999,32.3,77,2.39,49,9,8,5,5,1,12,0.37,10,1,0,0,1,0,Matches
322,James McArthur\cee31595,sct SCO,MF,Crystal Palace,33,1987,16.0,29,1.81,25,1,1,0,1,1,3,0.19,3,0,0,0,0,0,Matches
323,James Mcatee\96593e89,eng ENG,MFFW,Manchester City,18,2002,0.2,0,0.00,0,0,0,0,0,0,0,0.00,0,0,0,0,0,0,Matches
324,Kasey McAteer\b2c66859,eng ENG,FW,Leicester City,19,2001,0.0,0,0.00,0,0,0,0,0,0,0,0.00,0,0,0,0,0,0,Matches
325,Liam McCarron\076bb352,sct SCO,FW,Leeds United,20,2001,0.1,0,0.00,0,0,0,0,0,0,0,0.00,0,0,0,0,0,0,Matches
326,Alex McCarthy\36c2ca73,eng ENG,GK,Southampton,31,1989,17.0,1,0.06,1,0,0,0,0,0,0,0.00,0,0,0,0,0,0,Matches
327,John McGinn\90f91999,sct SCO,MF,Aston Villa,26,1994,34.3,96,2.80,66,20,3,2,4,1,5,0.15,4,1,0,0,0,0,Matches
328,Stuart McKinstry\1000a059,sct SCO,MF,Leeds United,18,2002,0.0,0,0.00,0,0,0,0,0,0,0,0.00,0,0,0,0,0,0,Matches
329,Kenny McLean\471f16b3,sct SCO,MF,Norwich City,29,1992,30.1,34,1.13,27,2,0,2,0,3,2,0.07,2,0,0,0,0,0,Matches
330,Dwight McNeil\fc15fb84,eng ENG,MF,Burnley,21,1999,34.5,97,2.81,52,22,5,6,10,2,5,0.14,3,2,0,0,0,0,Matches
331,Scott McTominay\d93c2511,sct SCO,MF,Manchester Utd,24,1996,26.5,45,1.70,37,0,3,1,2,2,6,0.23,4,0,0,1,0,1,Matches
332,Ben Mee\8df7a2fb,eng ENG,DF,Burnley,31,1989,20.4,8,0.39,5,0,0,2,1,0,0,0.00,0,0,0,0,0,0,Matches
333,Hannibal Mejbri\ca22ccb0,tn TUN,FW,Manchester Utd,18,2003,0.8,0,0.00,0,0,0,0,0,0,0,0.00,0,0,0,0,0,0,Matches
334,Benjamin Mendy\5271c8f1,fr FRA,DF,Manchester City,27,1994,0.9,4,4.62,4,0,0,0,0,0,0,0.00,0,0,0,0,0,0,Matches
335,Edouard Mendy\33887998,sn SEN,GK,Chelsea,29,1992,34.0,2,0.06,2,0,0,0,0,0,0,0.00,0,0,0,0,0,0,Matches
336,Nampalys Mendy\1598599e,sn SEN,MF,Leicester City,29,1992,11.5,6,0.52,5,0,0,0,0,1,3,0.26,3,0,0,0,0,0,Matches
337,Illan Meslier\6b625ac2,fr FRA,GK,Leeds United,21,2000,37.6,2,0.05,1,1,0,0,0,0,0,0.00,0,0,0,0,0,0,Matches
338,Luka Milivojević\2ce2508a,rs SRB,MF,Crystal Palace,30,1991,8.6,16,1.86,6,9,0,0,1,0,1,0.12,1,0,0,0,0,0,Matches
339,James Milner\2f90f6b8,eng ENG,MFDF,Liverpool,35,1986,9.5,31,3.27,23,6,1,1,0,0,1,0.11,1,0,0,0,0,0,Matches
340,Yerry Mina\6d5701f2,co COL,DF,Everton,26,1994,9.4,3,0.32,2,0,0,0,0,1,0,0.00,0,0,0,0,0,0,Matches
341,Takumi Minamino\f833a830,jp JPN,FWMF,Liverpool,26,1995,2.1,7,3.39,5,0,0,0,1,1,1,0.48,1,0,0,0,0,0,Matches
342,Tyrone Mings\8397a50c,eng ENG,DF,Aston Villa,28,1993,35.4,26,0.73,20,0,0,3,2,1,4,0.11,3,0,0,1,0,0,Matches
343,Tyrick Mitchell\5cbd1eb0,eng ENG,DF,Crystal Palace,21,1999,34.5,41,1.19,35,2,1,1,1,1,5,0.15,5,0,0,0,0,0,Matches
344,Jakub Moder\f230bc30,pl POL,MFFW,Brighton,22,1999,18.9,37,1.96,23,3,3,6,0,2,4,0.21,3,0,0,1,0,0,Matches
345,Wesley Moraes\bfae110f,br BRA,FW,Aston Villa,24,1996,0.0,0,0.00,0,0,0,0,0,0,0,0.00,0,0,0,0,0,0,Matches
346,Tyler Morton\2bc28bb9,eng ENG,MF,Liverpool,18,2002,0.7,1,1.36,1,0,0,0,0,0,0,0.00,0,0,0,0,0,0,Matches
347,Mason Mount\9674002f,eng ENG,MFFW,Chelsea,22,1999,26.3,111,4.23,72,21,5,8,4,1,15,0.57,9,4,0,1,1,0,Matches
348,Lucas Moura\2b622f01,br BRA,FWMF,Tottenham,28,1992,19.7,63,3.19,52,0,3,2,5,1,9,0.46,9,0,0,0,0,0,Matches
349,João Moutinho\f5a00fa4,pt POR,MF,Wolves,34,1986,33.0,68,2.06,44,18,1,2,0,3,4,0.12,3,1,0,0,0,0,Matches
350,Bali Mumba\2d760d7b,eng ENG,DF,Norwich City,19,2001,0.5,0,0.00,0,0,0,0,0,0,0,0.00,0,0,0,0,0,0,Matches
351,Jacob Murphy\de112b84,eng ENG,FWDF,Newcastle Utd,26,1995,16.4,45,2.75,34,2,4,4,1,0,5,0.31,2,0,0,2,1,0,Matches
352,Enock Mwepu\1d5cab82,zm ZAM,MFFW,Brighton,23,1998,11.1,22,1.99,17,0,0,2,3,0,7,0.63,6,0,0,0,1,0,Matches
353,Vitaliy Mykolenko\30d4a2e5,ua UKR,DF,Everton,22,1999,11.7,14,1.19,8,4,0,0,1,1,3,0.26,1,1,0,0,1,0,Matches
354,Marvelous Nakamba\de5b5570,zw ZIM,MF,Aston Villa,27,1994,10.0,6,0.60,5,0,0,0,1,0,0,0.00,0,0,0,0,0,0,Matches
355,Wilfred Ndidi\6b47c5db,ng NGA,MFDF,Leicester City,24,1996,18.0,14,0.78,9,0,0,3,1,1,2,0.11,1,0,0,1,0,0,Matches
356,Tanguy Ndombele\5cdddffa,fr FRA,MF,Tottenham,24,1996,5.4,13,2.42,10,0,1,1,1,0,1,0.19,1,0,0,0,0,0,Matches
357,Reiss Nelson\c5bdb6e3,eng ENG,FW,Arsenal,21,1999,0.2,3,13.50,2,0,0,1,0,0,0,0.00,0,0,0,0,0,0,Matches
358,Pedro Neto\7ba2eaa9,pt POR,FWMF,Wolves,21,2000,5.2,23,4.44,13,4,2,2,2,0,1,0.19,1,0,0,0,0,0,Matches
359,Rúben Neves\44bfb6c5,pt POR,MF,Wolves,24,1997,29.6,55,1.86,45,2,1,3,2,2,3,0.10,3,0,0,0,0,0,Matches
360,Jeremy Ngakia\3631ad41,eng ENG,DF,Watford,20,2000,10.0,12,1.20,8,2,0,1,1,0,1,0.10,1,0,0,0,0,0,Matches
361,Saúl Ñíguez\c14bc029,es ESP,MFDF,Chelsea,26,1994,5.3,8,1.50,7,0,0,1,0,0,0,0.00,0,0,0,0,0,0,Matches
362,Eddie Nketiah\a53649b7,eng ENG,FW,Arsenal,22,1999,9.3,23,2.48,15,0,2,3,1,2,4,0.43,1,0,0,1,0,2,Matches
363,Nicolas Nkoulou\93cf32a8,cm CMR,DF,Watford,31,1990,1.9,1,0.54,1,0,0,0,0,0,0,0.00,0,0,0,0,0,0,Matches
364,Mark Noble\ff527768,eng ENG,MF,West Ham,34,1987,3.7,5,1.36,5,0,0,0,0,0,0,0.00,0,0,0,0,0,0,Matches
365,Mathias Normann\8996350d,no NOR,MF,Norwich City,25,1996,18.3,34,1.86,14,5,5,3,4,3,3,0.16,3,0,0,0,0,0,Matches
366,Christian Nørgaard\df0a4c90,dk DEN,MF,Brentford,27,1994,33.9,49,1.44,43,0,3,1,1,1,6,0.18,5,0,1,0,0,0,Matches
367,Angelo Ogbonna\74b2cd7e,it ITA,DF,West Ham,33,1988,10.2,2,0.20,2,0,0,0,0,0,1,0.10,1,0,0,0,0,0,Matches
368,Michael Olise\c4486bac,fr FRA,FWMF,Crystal Palace,19,2001,12.7,38,3.00,32,3,1,1,1,0,7,0.55,6,0,0,1,0,0,Matches
369,Robin Olsen\e7ee38c3,se SWE,GK,Aston Villa,31,1990,1.0,1,1.00,0,1,0,0,0,0,1,1.00,0,1,0,0,0,0,Matches
370,Andrew Omobamidele\c393a6c4,ie IRL,DF,Norwich City,19,2002,4.2,0,0.00,0,0,0,0,0,0,0,0.00,0,0,0,0,0,0,Matches
371,Tyler Onyango\d86a1f3e,eng ENG,MFFW,Everton,18,2003,0.3,0,0.00,0,0,0,0,0,0,0,0.00,0,0,0,0,0,0,Matches
372,Frank Onyeka\2944f86f,ng NGA,MF,Brentford,23,1998,11.6,17,1.46,11,0,1,1,4,0,1,0.09,0,0,0,0,1,0,Matches
373,Divock Origi\43a166b4,be BEL,FW,Liverpool,26,1995,1.5,2,1.35,1,0,0,1,0,0,2,1.35,1,0,0,1,0,0,Matches
374,Alex Oxlade-Chamberlain\38c7feef,eng ENG,MFFW,Liverpool,27,1993,8.7,21,2.41,17,0,2,0,1,1,1,0.11,1,0,0,0,0,0,Matches
375,Cole Palmer\dc7f8a28,eng ENG,FWMF,Manchester City,19,2002,1.4,7,5.12,4,0,0,2,1,0,1,0.73,0,0,0,1,0,0,Matches
376,Emerson Palmieri\e0bc6fdc,it ITA,DF,Chelsea,26,1994,0.1,0,0.00,0,0,0,0,0,0,0,0.00,0,0,0,0,0,0,Matches
377,Thomas Partey\529f49ab,gh GHA,MF,Arsenal,28,1993,22.5,51,2.26,39,0,5,4,3,0,3,0.13,2,0,0,1,0,0,Matches
378,João Pedro\e8832875,br BRA,FWMF,Watford,19,2001,18.3,49,2.68,33,0,7,4,4,1,4,0.22,3,0,0,1,0,0,Matches
379,Nicolas Pépé\57e3f0c7,ci CIV,FWMF,Arsenal,26,1995,7.7,28,3.62,15,9,2,2,0,0,4,0.52,2,0,0,2,0,0,Matches
380,Ricardo Pereira\75a72a99,pt POR,DF,Leicester City,27,1993,11.0,23,2.09,19,0,3,0,0,1,6,0.54,4,0,1,0,0,1,Matches
381,Ayoze Pérez\819aa8e7,es ESP,MFFW,Leicester City,28,1993,4.9,18,3.64,14,0,2,1,0,1,2,0.40,2,0,0,0,0,0,Matches
382,Sonny Perkins\87f12e30,eng ENG,FW,West Ham,17,2004,0.0,0,0.00,0,0,0,0,0,0,0,0.00,0,0,0,0,0,0,Matches
383,Romain Perraud\6dfd8f05,fr FRA,DF,Southampton,23,1997,18.0,27,1.50,20,1,2,2,1,1,3,0.17,3,0,0,0,0,0,Matches
384,Kalvin Phillips\4f565d77,eng ENG,MF,Leeds United,25,1995,17.7,23,1.30,17,3,0,1,0,2,4,0.23,3,1,0,0,0,0,Matches
385,Jaden Philogene Bidace\19f4d211,eng ENG,FW,Aston Villa,19,2002,0.1,1,18.00,0,0,0,0,1,0,0,0.00,0,0,0,0,0,0,Matches
386,Jordan Pickford\4806ec67,eng ENG,GK,Everton,27,1994,35.0,7,0.20,4,3,0,0,0,0,1,0.03,1,0,0,0,0,0,Matches
387,Erik Pieters\1ef37668,nl NED,DF,Burnley,32,1988,8.1,7,0.86,5,2,0,0,0,0,1,0.12,1,0,0,0,0,0,Matches
388,Ethan Pinnock\e541326e,jm JAM,DF,Brentford,28,1993,29.9,20,0.67,14,3,0,3,0,0,3,0.10,1,1,0,1,0,0,Matches
389,Daniel Podence\7fcc71d8,pt POR,FWMF,Wolves,25,1995,16.5,62,3.76,48,0,4,5,4,1,4,0.24,3,0,0,1,0,0,Matches
390,Paul Pogba\867239d3,fr FRA,MFFW,Manchester Utd,28,1993,15.0,51,3.40,40,1,4,1,5,0,11,0.73,10,1,0,0,0,0,Matches
391,Nick Pope\4b40d9ca,eng ENG,GK,Burnley,29,1992,36.0,8,0.22,5,3,0,0,0,0,0,0.00,0,0,0,0,0,0,Matches
392,Isaac Price\b9403c99,nir NIR,MF,Everton,17,2003,0.2,0,0.00,0,0,0,0,0,0,0,0.00,0,0,0,0,0,0,Matches
393,Teemu Pukki\0745b37d,fi FIN,FW,Norwich City,31,1990,36.1,60,1.66,36,0,9,2,11,2,4,0.11,3,0,0,0,1,0,Matches
394,Christian Pulisic\1bf33a9a,us USA,MFFW,Chelsea,22,1998,14.3,33,2.30,23,0,0,2,5,3,2,0.14,2,0,0,0,0,0,Matches
395,Przemysław Płacheta\3c33f9d9,pl POL,FWMF,Norwich City,23,1998,5.6,14,2.50,5,2,2,0,5,0,0,0.00,0,0,0,0,0,0,Matches
396,Jesuran Rak Sakyi\45685411,eng ENG,FWMF,Crystal Palace,18,2002,0.9,0,0.00,0,0,0,0,0,0,0,0.00,0,0,0,0,0,0,Matches
397,Aaron Ramsdale\466fb2c5,eng ENG,GK,Arsenal,23,1998,34.0,1,0.03,0,1,0,0,0,0,1,0.03,0,1,0,0,0,0,Matches
398,Jacob Ramsey\1544f145,eng ENG,MF,Aston Villa,20,2001,27.4,63,2.30,49,0,3,2,8,1,3,0.11,2,0,0,1,0,0,Matches
399,Marcus Rashford\a1d5bd30,eng ENG,FWMF,Manchester Utd,23,1997,13.7,29,2.11,18,0,4,2,5,0,3,0.22,3,0,0,0,0,0,Matches
400,Milot Rashica\6c6a3300,xk KVX,FWMF,Norwich City,25,1996,24.8,56,2.26,33,14,2,3,2,2,4,0.16,3,1,0,0,0,0,Matches
401,David Raya\98ea5115,es ESP,GK,Brentford,25,1995,24.0,2,0.08,2,0,0,0,0,0,0,0.00,0,0,0,0,0,0,Matches
402,Nathan Redmond\ab651565,eng ENG,MFFW,Southampton,27,1994,20.4,66,3.24,53,4,2,4,2,1,8,0.39,6,1,0,0,1,0,Matches
403,Sergio Reguilón\3353737a,es ESP,DF,Tottenham,24,1996,21.3,52,2.44,41,3,3,2,3,0,5,0.23,5,0,0,0,0,0,Matches
404,Declan Rice\1c7012b8,eng ENG,MF,West Ham,22,1999,35.3,59,1.67,50,1,2,2,1,3,8,0.23,8,0,0,0,0,0,Matches
405,Taylor Richards\e0243d23,eng ENG,MFFW,Brighton,20,2000,0.3,1,3.60,1,0,0,0,0,0,0,0.00,0,0,0,0,0,0,Matches
406,Richarlison\fa031b34,br BRA,FWMF,Everton,24,1997,28.0,62,2.21,43,0,1,7,10,1,8,0.29,4,0,0,3,1,0,Matches
407,Jaïro Riedewald\7a1f2c08,nl NED,MF,Crystal Palace,24,1996,1.3,3,2.29,2,1,0,0,0,0,0,0.00,0,0,0,0,0,0,Matches
408,Matt Ritchie\71ef519e,sct SCO,DF,Newcastle Utd,31,1989,14.9,40,2.69,18,21,0,1,0,0,3,0.20,2,1,0,0,0,0,Matches
409,Connor Roberts\24fae784,wls WAL,DF,Burnley,25,1995,18.8,22,1.17,17,1,1,1,2,0,1,0.05,1,0,0,0,0,0,Matches
410,Tyler Roberts\6c17e046,wls WAL,MFFW,Leeds United,22,1999,11.0,28,2.55,22,0,2,2,2,0,1,0.09,1,0,0,0,0,0,Matches
411,Andrew Robertson\2e4f5f03,sct SCO,DF,Liverpool,27,1994,28.2,95,3.37,64,22,3,1,3,2,16,0.57,13,2,1,0,0,0,Matches
412,Joe Rodon\8d62d31a,wls WAL,DF,Tottenham,23,1997,1.0,0,0.00,0,0,0,0,0,0,0,0.00,0,0,0,0,0,0,Matches
413,Rodri\6434f10d,es ESP,MF,Manchester City,25,1996,32.0,75,2.34,63,1,2,5,1,3,3,0.09,3,0,0,0,0,0,Matches
414,Rodrigo\1fb1c435,es ESP,MFFW,Leeds United,30,1991,25.2,73,2.90,61,3,2,1,2,4,4,0.16,2,0,1,0,0,1,Matches
415,Jay Rodriguez\4ab53cdb,eng ENG,FW,Burnley,32,1989,15.4,24,1.56,15,0,1,6,2,0,3,0.20,2,0,0,1,0,0,Matches
416,Mads Roerslev\57c94db2,dk DEN,DF,Brentford,22,1999,13.8,16,1.16,12,0,1,1,2,0,3,0.22,2,0,0,1,0,0,Matches
417,Cristian Romero\a3d94a58,ar ARG,DF,Tottenham,23,1998,20.5,17,0.83,14,1,0,0,1,1,2,0.10,1,0,0,0,0,1,Matches
418,Oriol Romeu\4b511457,es ESP,MF,Southampton,29,1991,32.1,67,2.09,63,0,1,1,0,2,4,0.12,4,0,0,0,0,0,Matches
419,Cristiano Ronaldo\dea698d9,pt POR,FW,Manchester Utd,36,1985,27.3,76,2.79,56,0,9,5,5,1,9,0.33,4,0,2,1,2,0,Matches
420,Salomón Rondón\b318a643,ve VEN,FW,Everton,31,1989,8.8,17,1.94,13,0,1,2,0,1,1,0.11,1,0,0,0,0,0,Matches
421,Danny Rose\89d10e53,eng ENG,DF,Watford,31,1990,7.7,11,1.44,10,1,0,0,0,0,1,0.13,0,1,0,0,0,0,Matches
422,Jon Rowe\8c12f884,eng ENG,FWMF,Norwich City,18,2003,2.5,6,2.42,5,1,0,0,0,0,1,0.40,1,0,0,0,0,0,Matches
423,John Ruddy\da8b19e2,eng ENG,GK,Wolves,34,1986,1.5,0,0.00,0,0,0,0,0,0,0,0.00,0,0,0,0,0,0,Matches
424,Antonio Rüdiger\18b896d6,de GER,DF,Chelsea,28,1993,33.7,39,1.16,34,0,1,2,2,0,8,0.24,5,0,0,1,2,0,Matches
425,Lukas Rupp\3faa1780,de GER,MF,Norwich City,30,1991,8.5,27,3.16,22,0,3,1,1,0,0,0.00,0,0,0,0,0,0,Matches
426,José Sá\903b6e8b,pt POR,GK,Wolves,28,1993,36.5,4,0.11,3,1,0,0,0,0,1,0.03,0,1,0,0,0,0,Matches
427,Allan Saint-Maximin\2b16cb1a,fr FRA,FWMF,Newcastle Utd,24,1997,31.2,114,3.66,74,2,23,5,7,3,9,0.29,7,0,0,1,1,0,Matches
428,Romain Saïss\9fbbcf39,ma MAR,DF,Wolves,31,1990,30.1,15,0.50,14,0,0,1,0,0,0,0.00,0,0,0,0,0,0,Matches
429,Bukayo Saka\bc7dc64d,eng ENG,FWMF,Arsenal,19,2001,33.1,142,4.29,94,18,12,7,10,1,16,0.48,8,4,0,1,3,0,Matches
430,Mohamed Salah\e342ad68,eg EGY,FW,Liverpool,29,1992,30.7,133,4.33,93,0,21,15,3,1,25,0.81,17,0,5,2,1,0,Matches
431,Mohammed Salisu\0b33f6ad,gh GHA,DF,Southampton,22,1999,33.0,27,0.82,21,1,0,3,0,2,3,0.09,3,0,0,0,0,0,Matches
432,Albert Sambi Lokonga\1b4f1169,be BEL,MF,Arsenal,21,1999,12.6,34,2.70,32,0,0,0,1,1,0,0.00,0,0,0,0,0,0,Matches
433,Davinson Sánchez\da7b447d,co COL,DF,Tottenham,25,1996,18.1,16,0.88,15,0,0,1,0,0,1,0.06,1,0,0,0,0,0,Matches
434,Robert Sánchez\6a713852,es ESP,GK,Brighton,23,1997,37.0,4,0.11,4,0,0,0,0,0,0,0.00,0,0,0,0,0,0,Matches
435,Jadon Sancho\dbf053da,eng ENG,FWMF,Manchester Utd,21,2000,21.1,82,3.88,67,3,9,2,1,0,8,0.38,6,0,2,0,0,0,Matches
436,Morgan Sanson\6e7f1353,fr FRA,MF,Aston Villa,26,1994,4.0,3,0.76,2,0,0,0,0,1,0,0.00,0,0,0,0,0,0,Matches
437,Samir Santos\92b4758e,br BRA,DF,Watford,26,1994,18.6,4,0.22,3,0,0,1,0,0,0,0.00,0,0,0,0,0,0,Matches
438,Josh Sargent\a8d4428b,us USA,FWMF,Norwich City,21,2000,17.5,26,1.49,18,0,1,3,4,0,2,0.11,1,0,1,0,0,0,Matches
439,Jeremy Sarmiento\ac0d576d,ec ECU,FWMF,Brighton,19,2002,0.5,0,0.00,0,0,0,0,0,0,0,0.00,0,0,0,0,0,0,Matches
440,Ismaila Sarr\bfdb33aa,sn SEN,FWMF,Watford,23,1998,20.7,44,2.13,34,0,4,0,4,2,3,0.15,3,0,0,0,0,0,Matches
441,Malang Sarr\4315f30d,fr FRA,DF,Chelsea,22,1999,6.1,7,1.15,7,0,0,0,0,0,1,0.16,1,0,0,0,0,0,Matches
442,Dane Scarlett\21945a9e,eng ENG,MF,Tottenham,17,2004,0.0,0,0.00,0,0,0,0,0,0,0,0.00,0,0,0,0,0,0,Matches
443,Fabian Schär\c8aa95da,ch SUI,DF,Newcastle Utd,29,1991,24.0,24,1.00,16,3,2,2,1,0,4,0.17,3,0,1,0,0,0,Matches
444,Jeffrey Schlupp\3312f911,gh GHA,MFFW,Crystal Palace,28,1992,20.6,41,1.99,31,0,4,3,3,0,5,0.24,2,0,1,0,2,0,Matches
445,Kasper Schmeichel\53af52f3,dk DEN,GK,Leicester City,34,1986,37.0,5,0.14,5,0,0,0,0,0,2,0.05,2,0,0,0,0,0,Matches
446,Ken Sema\1770bd68,se SWE,MFFW,Watford,27,1993,9.5,20,2.11,8,7,1,0,3,1,0,0.00,0,0,0,0,0,0,Matches
447,Nélson Semedo\d04b94db,pt POR,DF,Wolves,27,1993,23.7,37,1.56,29,0,4,2,2,0,1,0.04,1,0,0,0,0,0,Matches
448,Ryan Sessegnon\6aa3e78b,eng ENG,DF,Tottenham,21,2000,11.6,21,1.81,19,1,1,0,0,0,4,0.34,4,0,0,0,0,0,Matches
449,Jamie Shackleton\8d03ca5a,eng ENG,DFMF,Leeds United,21,1999,7.9,8,1.02,6,1,0,1,0,0,1,0.13,0,0,0,1,0,0,Matches
450,Luke Shaw\9c94165b,eng ENG,DF,Manchester Utd,26,1995,17.8,64,3.60,41,21,0,0,0,2,6,0.34,5,1,0,0,0,0,Matches
451,Jonjo Shelvey\3727dd3c,eng ENG,MF,Newcastle Utd,29,1992,22.0,42,1.91,30,8,1,0,0,3,2,0.09,1,0,0,0,0,1,Matches
452,Shola Shoretire\00f0482f,eng ENG,FW,Manchester Utd,17,2004,0.2,0,0.00,0,0,0,0,0,0,0,0.00,0,0,0,0,0,0,Matches
453,Francisco Sierralta\0f933743,cl CHI,DF,Watford,24,1997,4.7,1,0.21,1,0,0,0,0,0,0,0.00,0,0,0,0,0,0,Matches
454,Bernardo Silva\3eb22ec9,pt POR,MFFW,Manchester City,26,1994,31.7,127,4.00,100,3,11,7,6,0,13,0.41,10,1,0,1,1,0,Matches
455,Fábio Silva\e7aa9d7c,pt POR,FW,Wolves,19,2002,6.4,16,2.52,9,0,3,3,0,1,1,0.16,0,0,0,1,0,0,Matches
456,Thiago Silva\86e7deaf,br BRA,DF,Chelsea,36,1984,29.4,26,0.88,21,0,0,3,1,1,1,0.03,0,0,0,0,1,0,Matches
457,Ellis Simms\26d3b5be,eng ENG,FW,Everton,20,2001,0.7,1,1.48,1,0,0,0,0,0,0,0.00,0,0,0,0,0,0,Matches
458,Moussa Sissoko\2acd49b9,fr FRA,MF,Watford,31,1989,35.8,62,1.73,52,0,4,2,1,3,4,0.11,2,0,1,0,0,1,Matches
459,Oliver Skipp\6250083a,eng ENG,MF,Tottenham,20,2000,15.0,22,1.47,21,0,0,0,1,0,3,0.20,3,0,0,0,0,0,Matches
460,William Smallbone\5e105217,ie IRL,MFFW,Southampton,21,2000,1.5,1,0.68,0,1,0,0,0,0,0,0.00,0,0,0,0,0,0,Matches
461,Emile Smith Rowe\17695062,eng ENG,MFFW,Arsenal,21,2000,21.3,65,3.05,49,4,5,4,3,0,6,0.28,5,1,0,0,0,0,Matches
462,Cédric Soares\839c14e1,pt POR,DF,Arsenal,29,1991,16.5,36,2.18,25,9,0,0,1,1,2,0.12,1,1,0,0,0,0,Matches
463,Tomáš Souček\6613c819,cz CZE,MF,West Ham,26,1995,34.0,34,1.00,29,0,0,3,1,1,4,0.12,4,0,0,0,0,0,Matches
464,Boubakary Soumaré\ae59b359,fr FRA,MF,Leicester City,22,1999,12.2,15,1.23,12,0,2,0,0,1,2,0.16,2,0,0,0,0,0,Matches
465,Çağlar Söyüncü\21166ff4,tr TUR,DF,Leicester City,25,1996,27.7,11,0.40,11,0,0,0,0,0,0,0.00,0,0,0,0,0,0,Matches
466,Tony Springett\35be8087,eng ENG,FWMF,Norwich City,18,2002,1.6,3,1.91,2,0,0,1,0,0,0,0.00,0,0,0,0,0,0,Matches
467,Jason Steele\28300a16,eng ENG,GK,Brighton,30,1990,1.0,0,0.00,0,0,0,0,0,0,0,0.00,0,0,0,0,0,0,Matches
468,Jed Steer\a8a3d139,eng ENG,GK,Aston Villa,28,1992,1.0,0,0.00,0,0,0,0,0,0,0,0.00,0,0,0,0,0,0,Matches
469,Zack Steffen\42130443,us USA,GK,Manchester City,26,1995,1.0,0,0.00,0,0,0,0,0,0,0,0.00,0,0,0,0,0,0,Matches
470,Dale Stephens\653ee42d,eng ENG,MF,Burnley,32,1989,1.4,2,1.45,1,0,0,0,1,0,0,0.00,0,0,0,0,0,0,Matches
471,Jack Stephens\6adbc307,eng ENG,DF,Southampton,27,1994,9.0,6,0.67,5,0,0,0,0,1,0,0.00,0,0,0,0,0,0,Matches
472,Raheem Sterling\b400bde0,eng ENG,FW,Manchester City,26,1994,23.6,90,3.81,69,1,11,3,5,1,11,0.47,5,0,0,2,4,0,Matches
473,Finley Stevens\7e003182,wls WAL,DF,Brentford,18,2003,0.2,1,6.00,1,0,0,0,0,0,0,0.00,0,0,0,0,0,0,Matches
474,John Stones\5eecec3d,eng ENG,DF,Manchester City,27,1994,12.4,14,1.13,12,1,0,1,0,0,1,0.08,0,0,0,1,0,0,Matches
475,Pascal Struijk\f4d296e4,nl NED,DF,Leeds United,21,1999,22.8,19,0.83,13,0,0,2,1,3,2,0.09,0,0,0,1,0,1,Matches
476,Crysencio Summerville\df04eb4b,nl NED,MFFW,Leeds United,19,2001,1.4,2,1.38,2,0,0,0,0,0,0,0.00,0,0,0,0,0,0,Matches
477,Jakob Sørensen\953c30b0,dk DEN,MFDF,Norwich City,23,1998,6.7,2,0.30,1,0,0,0,0,1,0,0.00,0,0,0,0,0,0,Matches
478,Japhet Tanganga\e9971f2d,eng ENG,DF,Tottenham,22,1999,8.2,3,0.37,2,0,0,1,0,0,0,0.00,0,0,0,0,0,0,Matches
479,Matt Targett\e514ab62,eng ENG,DF,Aston Villa,25,1995,15.9,27,1.70,22,5,0,0,0,0,1,0.06,1,0,0,0,0,0,Matches
480,Matt Targett\e514ab62,eng ENG,DF,Newcastle Utd,25,1995,16.0,34,2.12,15,14,0,1,4,0,1,0.06,0,1,0,0,0,0,Matches
481,James Tarkowski\15ea812b,eng ENG,DF,Burnley,28,1992,34.5,23,0.67,20,0,0,2,0,1,2,0.06,2,0,0,0,0,0,Matches
482,Nuno Tavares\a65c844b,pt POR,DF,Arsenal,21,2000,13.1,26,1.99,18,0,3,1,2,2,3,0.23,2,0,0,1,0,0,Matches
483,Charlie Taylor\cc2d7ad5,eng ENG,DF,Burnley,27,1993,30.3,41,1.35,32,2,1,0,6,0,6,0.20,4,1,0,0,1,0,Matches
484,Nathan Tella\f1e94cd6,eng ENG,MFFW,Southampton,22,1999,8.9,18,2.01,12,0,2,0,4,0,3,0.34,2,0,0,0,1,0,Matches
485,Alex Telles\e73c9bb2,br BRA,DF,Manchester Utd,28,1992,18.4,45,2.44,24,18,0,1,1,1,5,0.27,0,4,0,0,1,0,Matches
486,Luke Thomas\fc027d02,eng ENG,DF,Leicester City,20,2001,21.2,20,0.94,14,4,0,1,0,1,1,0.05,1,0,0,0,0,0,Matches
487,Dominic Thompson\235a62f8,eng ENG,DF,Brentford,21,2000,1.6,1,0.62,0,1,0,0,0,0,0,0.00,0,0,0,0,0,0,Matches
488,Youri Tielemans\56f7a928,be BEL,MF,Leicester City,24,1997,29.2,84,2.87,65,4,4,4,2,5,12,0.41,10,0,0,1,0,1,Matches
489,Kieran Tierney\fce2302c,sct SCO,DF,Arsenal,24,1997,21.3,38,1.79,33,2,1,1,1,0,3,0.14,3,0,0,0,0,0,Matches
490,Takehiro Tomiyasu\b3af9be1,jp JPN,DF,Arsenal,22,1998,18.7,30,1.61,25,1,0,0,0,4,4,0.21,3,0,0,0,0,1,Matches
491,James Tomkins\e7ca0439,eng ENG,DF,Crystal Palace,32,1989,6.1,3,0.49,3,0,0,0,0,0,0,0.00,0,0,0,0,0,0,Matches
492,Ivan Toney\e09f279b,eng ENG,FW,Brentford,25,1996,32.3,80,2.48,53,1,4,9,11,2,10,0.31,6,0,1,0,3,0,Matches
493,Ferrán Torres\9e1035f8,es ESP,FW,Manchester City,21,2000,3.4,5,1.49,4,0,0,1,0,0,2,0.59,2,0,0,0,0,0,Matches
494,Cenk Tosun\9a104dee,tr TUR,FW,Everton,30,1991,0.1,0,0.00,0,0,0,0,0,0,0,0.00,0,0,0,0,0,0,Matches
495,Andros Townsend\b28bbd58,eng ENG,MF,Everton,30,1991,16.2,54,3.34,38,8,1,2,4,1,4,0.25,4,0,0,0,0,0,Matches
496,Adama Traoré\9a28eba4,es ESP,FW,Wolves,25,1996,11.9,50,4.22,30,0,12,0,6,2,2,0.17,1,0,0,0,1,0,Matches
497,Bertrand Traoré\c47541e0,bf BFA,MFFW,Aston Villa,25,1995,2.4,11,4.50,6,0,3,1,1,0,2,0.82,0,0,1,0,1,0,Matches
498,Trézéguet\3ae14ed1,eg EGY,FW,Aston Villa,26,1994,0.1,0,0.00,0,0,0,0,0,0,0,0.00,0,0,0,0,0,0,Matches
499,Francisco Trincão\77e39b04,pt POR,FWMF,Wolves,21,1999,14.8,39,2.63,24,3,9,0,2,1,2,0.13,2,0,0,0,0,0,Matches
500,Kieran Trippier\21512407,eng ENG,DF,Newcastle Utd,30,1990,4.8,9,1.89,1,8,0,0,0,0,1,0.21,1,0,0,0,0,0,Matches
501,William Troost-Ekong\7ed4921e,ng NGA,DF,Watford,27,1993,15.4,4,0.26,3,0,0,0,0,1,0,0.00,0,0,0,0,0,0,Matches
502,Leandro Trossard\38ceb24a,be BEL,FWMF,Brighton,26,1994,31.2,91,2.92,65,4,15,4,3,0,10,0.32,6,1,2,0,1,0,Matches
503,Kostas Tsimikas\f315ca93,gr GRE,DF,Liverpool,25,1996,9.7,37,3.80,24,13,0,0,0,0,3,0.31,2,1,0,0,0,0,Matches
504,Axel Tuanzebe\2baec6ce,eng ENG,DF,Aston Villa,23,1997,5.6,1,0.18,1,0,0,0,0,0,0,0.00,0,0,0,0,0,0,Matches
505,Ozan Tufan\17d45fb2,tr TUR,MF,Watford,26,1995,3.7,7,1.89,6,1,0,0,0,0,0,0.00,0,0,0,0,0,0,Matches
506,Christos Tzolis\9f333379,gr GRE,FWMF,Norwich City,19,2002,3.7,11,2.95,11,0,0,0,0,0,0,0.00,0,0,0,0,0,0,Matches
507,Yan Valery\531a4aa8,fr FRA,DF,Southampton,22,1999,4.1,1,0.24,1,0,0,0,0,0,0,0.00,0,0,0,0,0,0,Matches
508,Raphaël Varane\9f8e9423,fr FRA,DF,Manchester Utd,28,1993,20.3,10,0.49,9,0,0,0,0,1,2,0.10,2,0,0,0,0,0,Matches
509,Jamie Vardy\45963054,eng ENG,FW,Leicester City,34,1987,20.1,38,1.89,30,0,2,3,1,2,5,0.25,2,0,2,1,0,0,Matches
510,Joël Veltman\dad4b285,nl NED,DF,Brighton,29,1992,31.9,36,1.13,29,2,1,1,2,1,2,0.06,2,0,0,0,0,0,Matches
511,Jannik Vestergaard\1900032e,dk DEN,DF,Leicester City,28,1992,6.3,3,0.48,3,0,0,0,0,0,0,0.00,0,0,0,0,0,0,Matches
512,Nikola Vlašić\aa8e289e,hr CRO,FWMF,West Ham,23,1997,6.2,18,2.89,14,0,2,0,2,0,0,0.00,0,0,0,0,0,0,Matches
513,Matěj Vydra\0d4ceb32,cz CZE,FW,Burnley,29,1992,7.5,12,1.59,11,0,0,0,1,0,3,0.40,3,0,0,0,0,0,Matches
514,Theo Walcott\1ecb65be,eng ENG,MFFW,Southampton,32,1989,4.2,4,0.95,4,0,0,0,0,0,1,0.24,1,0,0,0,0,0,Matches
515,Kyle Walker\86dd77d1,eng ENG,DF,Manchester City,31,1990,19.5,36,1.85,32,0,0,1,3,0,5,0.26,4,0,0,0,1,0,Matches
516,Kyle Walker-Peters\984a5a64,eng ENG,DF,Southampton,24,1997,29.3,61,2.09,42,0,6,3,7,3,8,0.27,5,0,0,0,2,1,Matches
517,Aaron Wan-Bissaka\9e525177,eng ENG,DF,Manchester Utd,23,1997,19.9,31,1.56,25,0,3,1,1,1,1,0.05,1,0,0,0,0,0,Matches
518,Danny Ward\d3ce0e89,wls WAL,GK,Leicester City,28,1993,1.0,1,1.00,1,0,0,0,0,0,1,1.00,1,0,0,0,0,0,Matches
519,Joel Ward\8a7ff278,eng ENG,DF,Crystal Palace,31,1989,27.6,16,0.58,14,2,0,0,0,0,2,0.07,2,0,0,0,0,0,Matches
520,James Ward-Prowse\3515d404,eng ENG,MF,Southampton,26,1994,35.7,113,3.16,55,51,0,3,1,3,7,0.20,3,4,0,0,0,0,Matches
521,Ollie Watkins\aed3a70f,eng ENG,FW,Aston Villa,25,1995,32.8,72,2.20,51,0,6,7,4,4,8,0.24,3,0,1,2,2,0,Matches
522,Adam Webster\c40b6180,eng ENG,DF,Brighton,26,1995,15.9,10,0.63,10,0,0,0,0,0,1,0.06,1,0,0,0,0,0,Matches
523,Wout Weghorst\c4e87b8b,nl NED,FW,Burnley,28,1992,16.1,28,1.74,20,0,3,1,3,1,5,0.31,4,0,1,0,0,0,Matches
524,Danny Welbeck\ce5143da,eng ENG,FW,Brighton,30,1990,16.4,36,2.19,27,0,0,4,5,0,4,0.24,2,0,0,1,1,0,Matches
525,Timo Werner\49fe9070,de GER,FWMF,Chelsea,25,1996,14.3,26,1.82,19,0,4,3,0,0,4,0.28,3,0,0,1,0,0,Matches
526,Ashley Westwood\495945ef,eng ENG,MF,Burnley,31,1990,25.4,55,2.16,33,17,1,2,1,1,7,0.28,5,2,0,0,0,0,Matches
527,Ben White\35e413f1,eng ENG,DF,Arsenal,23,1997,32.0,25,0.78,18,1,0,4,1,1,1,0.03,1,0,0,0,0,0,Matches
528,Brandon Williams\5e74d6c8,eng ENG,DF,Norwich City,20,2000,23.6,31,1.32,27,0,0,0,3,1,2,0.08,1,0,0,0,0,1,Matches
529,Neco Williams\dd323728,wls WAL,DF,Liverpool,20,2001,0.1,2,22.50,1,0,1,0,0,0,2,22.50,1,0,1,0,0,0,Matches
530,Joe Willock\a3b03921,eng ENG,MF,Newcastle Utd,21,1999,22.6,46,2.03,29,0,9,1,5,2,4,0.18,1,0,1,0,2,0,Matches
531,Callum Wilson\c596fcb0,eng ENG,FW,Newcastle Utd,29,1992,15.4,20,1.30,18,0,0,1,0,1,0,0.00,0,0,0,0,0,0,Matches
532,Harry Winks\2f7acede,eng ENG,MF,Tottenham,25,1996,10.1,23,2.27,17,3,1,0,2,0,4,0.39,4,0,0,0,0,0,Matches
533,Yoane Wissa\2500cef9,cd COD,FWMF,Brentford,24,1996,14.3,19,1.33,13,0,1,1,4,0,4,0.28,2,0,0,1,1,0,Matches
534,Chris Wood\4e9a0555,nz NZL,FW,Burnley,29,1991,15.2,21,1.38,16,0,1,2,2,0,2,0.13,2,0,0,0,0,0,Matches
535,Chris Wood\4e9a0555,nz NZL,FW,Newcastle Utd,29,1991,14.7,21,1.42,16,0,2,2,1,0,2,0.14,1,0,0,0,1,0,Matches
536,Freddie Woodman\19e50035,eng ENG,GK,Newcastle Utd,24,1997,4.0,0,0.00,0,0,0,0,0,0,0,0.00,0,0,0,0,0,0,Matches
537,Granit Xhaka\e61b8aee,ch SUI,MFDF,Arsenal,28,1992,25.9,79,3.06,72,2,2,1,0,2,3,0.12,3,0,0,0,0,0,Matches
538,Andriy Yarmolenko\849c826a,ua UKR,FW,West Ham,31,1989,3.5,7,1.99,4,0,2,1,0,0,0,0.00,0,0,0,0,0,0,Matches
539,Ashley Young\be927d03,eng ENG,DFFW,Aston Villa,36,1985,13.9,22,1.58,16,3,1,0,1,1,4,0.29,2,1,1,0,0,0,Matches
540,Nathan Young-Coombes\f9682888,eng ENG,FW,Brentford,18,2003,0.0,0,0.00,0,0,0,0,0,0,0,0.00,0,0,0,0,0,0,Matches
541,Wilfried Zaha\b2bc3b1f,ci CIV,FW,Crystal Palace,28,1992,30.7,104,3.39,73,0,14,8,8,1,12,0.39,6,0,3,2,1,0,Matches
542,Christoph Zimmermann\2d5f03bf,de GER,DF,Norwich City,28,1993,1.7,0,0.00,0,0,0,0,0,0,0,0.00,0,0,0,0,0,0,Matches
543,Oleksandr Zinchenko\51cf8561,ua UKR,DF,Manchester City,24,1996,11.6,42,3.61,33,4,2,1,1,1,10,0.86,7,0,1,1,0,1,Matches
544,Hakim Ziyech\6622454d,ma MAR,FWMF,Chelsea,28,1993,14.7,64,4.37,45,5,6,4,3,1,7,0.48,6,0,1,0,0,0,Matches
545,Kurt Zouma\ce4246f5,fr FRA,DF,West Ham,26,1994,23.1,6,0.26,5,0,0,1,0,0,0,0.00,0,0,0,0,0,0,Matches
546,Martin Ødegaard\79300479,no NOR,MF,Arsenal,22,1998,30.9,134,4.33,105,13,6,7,2,1,12,0.39,12,0,0,0,0,0,Matches